GEOID,Population,PopDensity
420035626002,988,0.170556553
420039807001,0,0
420035627001,421,0.112355352
420032615002,924,0.117718103
420030709003,801,0.363262011
420039806001,13,0.001322373
420035616001,305,0.093844999
420031401003,282,0.096807083
420034268003,1350,0.092873634
420031517003,566,0.346395589
420031517004,635,0.40400056
420031609002,1957,0.232741509
420031702001,527,0.132297713
420031702003,1319,0.732965091
420031706001,460,0.13633548
420031706002,685,0.37077934
420031807003,761,0.556530642
420031903001,1042,0.233050184
420031916002,906,0.183043985
420031916005,1148,0.273145383
420031917001,1935,0.131309827
420031917002,678,0.45740346
420031917003,803,0.330054708
420031918002,564,0.373072623
420031918004,758,0.363085943
420031918005,721,0.274892864
420031918006,887,0.279090549
420031918007,640,0.362464532
420031919001,817,0.389929603
420031919002,651,0.352763313
420031919003,591,0.275247303
420032406001,1571,0.216453199
420032406002,755,0.154536095
420032412001,282,0.054224825
420034530043,2207,0.052907706
420035639003,858,0.388021092
420034690003,1718,0.063206195
420032904004,859,0.232189146
420034882001,1939,0.129402367
420035523002,274,0.104278065
420035626003,971,0.129545776
420031915002,1202,0.43777862
420031914002,1053,0.185389935
420039809001,1313,0.089685976
420035625002,196,0.041551922
420034751021,1581,0.086556813
420034753014,816,0.116814068
420034782003,1758,0.369179594
420034721001,1309,0.402109771
420035614004,1434,0.340737361
420035639004,1025,0.197993409
420039801001,0,0
420030901002,566,0.18530523
420035645001,1547,0.01672297
420035645002,791,0.011962164
420034970001,1008,0.008111159
420034962003,1907,0.028105491
420033001006,517,0.425409364
420035617001,201,0.024988407
420035617002,601,0.223997138
420035616003,764,0.366145883
420034994003,884,0.254699993
420035623001,306,0.134415097
420031517005,932,0.582161619
420035644001,734,0.038446469
420034884002,1279,0.258433959
420034884003,601,0.403006793
420034885001,851,0.05186839
420035631001,1067,0.117384063
420035630003,801,0.158943709
420033001005,742,0.608396195
420035624004,248,0.08174863
420035624003,348,0.282146911
420034762003,1134,0.208670306
420035631002,2159,0.245306064
420034752001,785,0.095180819
420035644005,558,0.095718895
420039808001,0,0
420034722002,594,0.462616822
420034731002,803,0.267713963
420035644006,564,0.049757301
420031911001,1089,0.153726057
420034869001,954,0.317238627
420034869002,382,0.093844812
420034869003,257,0.112945685
420034870001,744,0.07281133
420030103003,319,0.189474935
420034782002,2372,0.190931095
420034846001,475,0.213568573
420034881002,1199,0.193415797
420034882002,673,0.079412278
420034882003,891,0.150916168
420034884001,1040,0.09411688
420032509001,661,0.255263605
420032614004,651,0.19761766
420035625003,952,0.269691441
420035630004,662,0.1907083
420035626004,396,0.152219873
420034270002,718,0.111978939
420035639002,1438,0.193244505
420034993001,616,0.106922726
420035234001,1523,0.170622846
420035190003,417,0.033605725
420035628001,461,0.041112627
420034643002,782,0.244891568
420034141014,835,0.064107338
420035625004,986,0.16647644
420039804001,0,0
420031414005,940,0.66784131
420032614001,714,0.233015032
420035628002,1067,0.163218229
420035234003,727,0.183720866
420035234004,596,0.151898992
420035632002,911,0.309626986
420034900022,785,0.051655714
420031306001,858,0.234663458
420035623003,516,0.049632947
420031018002,1439,0.18053644
420030802002,632,0.690967135
420035261014,1475,0.042986636
420031414004,1737,0.149438509
420032023004,1230,0.146096203
420032708003,833,0.131440879
420034271003,1801,0.059310575
420035642003,815,0.009783271
420034580004,1576,0.024653247
420035629002,428,0.009482136
420034530042,1876,0.156915884
420034600021,1195,0.028542153
420035200011,1384,0.059456633
420034530044,939,0.250065246
420032620003,708,0.082811957
420035638004,128,0.028650024
420035523003,1247,0.341141936
420034884004,1696,0.085818885
420034511042,451,0.015173445
420034511022,795,0.059347535
420035633002,741,0.003906055
420034706001,1631,0.118466114
420034741021,2258,0.066688266
420034900031,769,0.016053499
420034900023,1883,0.041812407
420034013002,557,0.074320574
420035644003,1269,0.067102986
420034592014,572,0.031779861
420034250001,846,0.29740352
420034250002,751,0.252070096
420034250003,1132,0.259079216
420034480001,1189,0.045892664
420034490001,2589,0.047655274
420034507001,1375,0.130510881
420034507002,1598,0.156439216
420034250004,621,0.071184494
420034263001,1285,0.066536493
420034263003,2226,0.137571984
420034511021,1772,0.072515307
420034264001,866,0.076975999
420034264002,1102,0.187318121
420034264003,803,0.128497064
420034267001,797,0.105043678
420034592011,1651,0.02160438
420034610001,993,0.025041717
420034621001,400,0.022828861
420034240004,975,0.467563109
420034212002,1066,0.05093506
420039810001,0,0
420035140001,650,0.266717001
420034311001,1788,0.479657479
420034311002,1280,0.232137643
420034314001,1854,0.269538252
420034315002,976,0.432576177
420034323001,1159,0.173793865
420034323002,1070,0.487580371
420035642002,827,0.024080781
420030409003,765,0.301777529
420034890023,1204,0.12776054
420035623005,444,0.112536403
420030201005,14,0.003558701
420030603001,1134,0.290779669
420031608001,467,0.381801087
420034324003,790,0.225153974
420034340001,965,0.215599579
420034340002,939,0.175888151
420034350001,1255,0.152526841
420034350002,1248,0.192010339
420032904003,727,0.263555718
420035644007,31,0.006372163
420035154011,800,0.306241196
420035154012,704,0.512160166
420035220001,904,0.343944634
420035220002,1564,0.500504024
420039811001,0,0
420034705012,1864,0.325752254
420034455001,1126,0.121917813
420035605001,919,0.479007584
420035606002,531,0.277834461
420035610001,569,0.312964083
420035610002,752,0.194592804
420035611001,994,0.239787327
420035612001,695,0.344272446
420035612002,792,0.405019791
420035614001,608,0.182414958
420034455002,1491,0.13747726
420034455003,1212,0.208870085
420034460001,768,0.027897569
420034460002,818,0.072869805
420034470001,1602,0.041195566
420035614002,589,0.096277226
420035614003,1422,0.312584493
420035615001,1204,0.210514169
420035615002,914,0.255352199
420035615003,578,0.165422184
420031916004,755,0.446352033
420034292012,2592,0.091285927
420034591021,2128,0.086681692
420034592021,720,0.36812639
420034643003,534,0.283805545
420034881001,898,0.083412365
420034900043,698,0.02773708
420034911012,3679,0.033625375
420034912001,1898,0.018335201
420034961022,1420,0.019632331
420035214023,1238,0.080111042
420035233004,1178,0.103293466
420035263012,2561,0.08603305
420035520001,406,0.279612399
420035213022,958,0.254286101
420035620001,1300,1.537224482
420034772003,667,0.100514477
420034843003,1363,0.437740067
420034706002,517,0.199088122
420034710001,1271,0.173188605
420034772004,1854,0.168283544
420034773002,1409,0.725592988
420034721002,910,0.405614417
420034722001,848,0.459558325
420034723001,575,0.460143565
420034723002,914,0.75316221
420034723003,514,0.535801774
420034724001,1090,0.466429886
420034724002,738,0.385121172
420034781001,1268,0.474975746
420034781002,873,0.335929443
420034781003,1167,0.202548958
420035624001,1386,0.169867513
420034731001,1617,0.265173691
420034731003,954,0.42441876
420034731004,681,0.345609842
420034731005,969,0.55834697
420034732001,757,0.387236045
420034732002,1047,0.445357562
420034732003,1088,0.363612058
420034781004,677,0.164930069
420030709004,854,0.611428121
420034733001,1010,0.092589622
420034733002,1429,0.186040335
420034733003,1346,0.145881292
420034733004,1094,0.358579187
420034790001,855,0.116376723
420034801011,646,0.143067219
420034801012,804,0.118903426
420034801013,1563,0.403205003
420034801014,2418,0.310068374
420034801021,1169,0.194634158
420034626001,730,0.264735428
420034639002,568,0.149486666
420034621002,778,0.062585572
420034621003,1664,0.158044803
420034626004,753,0.287020061
420034706003,825,0.335432667
420034705022,1498,0.198234155
420035236002,471,0.0852836
420034890022,1130,0.142794862
420035631003,298,0.032168294
420034886001,850,0.086983128
420034722003,881,0.259868208
420035641001,440,0.030337986
420034705021,1477,0.133312875
420034658001,1270,0.216370931
420034267002,1504,0.050298211
420034268001,1364,0.085512738
420034270001,1396,0.239363663
420034270003,1592,0.423939818
420034550001,1505,0.123837634
420034560042,3127,0.100815812
420034571001,718,0.138244944
420034571002,766,0.181361871
420034572001,369,0.101393125
420034572002,867,0.267956484
420034272002,893,0.060942777
420034281001,454,0.073074824
420034281002,740,0.247758456
420034572003,1315,0.150426858
420034572004,933,0.278357897
420034580001,402,0.032353083
420034591011,1746,0.028047057
420034282001,535,0.022268322
420034282002,1537,0.076058949
420034292021,1315,0.111065315
420034293001,1810,0.09824841
420034508001,1383,0.190048495
420034508003,702,0.187890938
420034293003,1785,0.06330097
420034293004,815,0.041206194
420034294001,772,0.118710789
420034294002,1589,0.139924428
420034294003,1041,0.107681152
420034294004,651,0.080800809
420034295001,1495,0.108562179
420034295002,1882,0.163345085
420034296002,1101,0.13438137
420034297002,806,0.074953247
420034301001,759,0.262256791
420035626001,165,0.032749532
420035624002,360,0.07051164
420034301002,1356,0.239856511
420034302001,896,0.263750497
420034302002,1177,0.182393806
420034302003,1068,0.379071559
420034302004,531,0.219732018
420035629001,468,0.032317987
420034302005,814,0.323083823
420035619002,1288,0.197274608
420035632003,951,0.302542502
420030201006,642,0.293119901
420039818001,207,0.011355607
420035642001,449,0.019723043
420034639003,1075,0.624237849
420035625001,283,0.046938
420035641002,443,0.039311315
420034626003,639,0.378032692
420034513002,1452,0.092006638
420035640003,531,0.102639835
420034705011,1994,0.358244566
420034741022,1474,0.105417486
420034511051,1028,0.054653786
420035638005,547,0.049295489
420034742033,2479,0.106877634
420034060002,745,0.010535074
420034742021,2393,0.057259996
420034011001,1406,0.024129435
420034845002,906,0.25099734
420034900021,1040,0.183135348
420034890024,535,0.039522042
420030902003,794,1.110846846
420031011003,658,0.263648202
420031406003,825,0.446302988
420030103004,409,0.312158934
420035524001,817,0.387152416
420035524002,1232,0.267312962
420035604002,991,0.716947007
420034885003,538,0.04971272
420035638002,1878,0.040927471
420035623002,1106,0.09333672
420035632001,226,0.071376009
420039822001,4618,0.913240203
420035630001,869,0.034469341
420034890021,611,0.161547899
420035645003,524,0.110919894
420039805001,16,0.00099269
420034773003,1103,0.166147737
420034733005,558,0.266004357
420034734011,633,0.153754973
420034734012,525,0.299534438
420034734013,1000,0.297472967
420034734014,1416,0.234234652
420034734021,1186,0.251797186
420034801022,1077,0.232055055
420034801023,632,0.10062813
420034802003,784,0.120852255
420035619001,1179,0.275511706
420034734022,496,0.147249172
420034734023,1735,0.179852573
420034735001,824,0.136442365
420034735002,780,0.143098523
420032614003,511,0.229901606
420031920002,495,0.20092629
420031517006,1390,0.693695852
420031414002,443,0.255118201
420034736011,848,0.111420027
420034736012,1400,0.19243854
420034736021,697,0.147395623
420034803002,1653,0.165912549
420034736022,2266,0.190781531
420034736023,522,0.156422304
420034741011,2132,0.126066942
420034742031,1558,0.13777966
420034742032,725,0.075745149
420034751011,1141,0.186056068
420034843002,458,0.125139005
420034751012,951,0.163788738
420034751013,1167,0.132962663
420034751014,1423,0.133853068
420034752002,1076,0.081105263
420034845001,2281,0.238390109
420034845004,1832,0.218530999
420031920001,454,0.15978039
420034600012,1328,0.055077567
420034293002,1330,0.077796658
420035180012,1141,0.136076651
420035180011,1022,0.134774089
420035170001,723,0.093082418
420030201004,965,0.342760125
420034950001,1806,0.006092361
420034643001,1236,0.325903816
420034643004,685,0.291498045
420034644001,184,0.102339344
420034644002,789,0.261147593
420034752003,1190,0.134665503
420034753011,774,0.123868341
420034753012,605,0.148667278
420034753013,2491,0.150273158
420034846002,810,0.171365828
420034868001,706,0.073051914
420034868002,882,0.280372941
420034735003,2087,0.169198702
420034271001,1774,0.109855949
420034772002,605,0.131747715
420035231004,343,0.03195543
420035253002,1658,0.179449853
420031414001,771,0.277933988
420031018001,1182,0.295439435
420034644003,1413,0.272652545
420034644004,876,0.120434058
420034656001,1014,0.183706302
420034656002,1656,0.36147103
420034753031,1749,0.146010629
420034753032,1116,0.11254663
420034753033,1103,0.120486402
420034753041,1099,0.193355537
420034846003,720,0.138954828
420034850001,1148,0.149600522
420034867001,1673,0.087909016
420034802001,2203,0.110320666
420031920003,1071,0.23822764
420032412002,439,0.257251685
420032503001,1154,0.475982281
420032507001,601,0.107296712
420032509002,365,0.094881346
420035041005,921,0.06019124
420034600011,3219,0.075697414
420035128001,1340,0.063940938
420034961011,1471,0.038195411
420032107002,823,0.228486078
420034658002,1175,0.269324923
420034658003,723,0.07788506
420034753042,2180,0.131782013
420034753043,970,0.105953841
420034753044,1193,0.105211914
420034754011,1325,0.067430266
420034754012,1717,0.115055212
420034867002,689,0.116913815
420032901002,557,0.211562639
420032901003,641,0.244954735
420032902001,835,0.149384571
420032902002,991,0.326334646
420032902003,469,0.269260137
420032902004,606,0.368853207
420034135004,2499,0.109207327
420034141012,1160,0.02588854
420034141023,1812,0.022270938
420034080013,1659,0.039233112
420034171002,709,0.26373937
420034264004,1290,0.110650876
420034291001,1300,0.045587818
420034292011,1904,0.102883216
420034297001,1289,0.062566012
420034315003,985,0.474369594
420034324001,767,0.394945521
420034370002,2636,0.037013297
420034520003,1965,0.017234396
420034560032,2683,0.056488872
420034580003,2509,0.025093207
420034591022,1368,0.056466952
420034626002,1233,0.325361579
420034703001,1691,0.101520587
420034592012,1736,0.02198569
420034687002,557,0.183130914
420034688001,639,0.269426993
420034688002,843,0.311074702
420034688003,1199,0.206133813
420033206002,1043,0.127132486
420033207001,1084,0.148730712
420034689001,1416,0.220993785
420034754013,889,0.036154466
420034754021,1170,0.048727139
420034754022,1745,0.11896297
420034761001,432,0.161037199
420033207002,533,0.091116563
420034011003,753,0.106114626
420031411001,1300,0.10627314
420034761002,616,0.11486494
420034825001,1782,0.074629991
420035238004,1643,0.063762912
420032022002,691,0.44403033
420032023001,948,0.20477108
420032023002,913,0.165214181
420032023003,715,0.105961403
420032107001,1400,0.385937539
420033001004,891,0.637567084
420034190001,987,0.013762924
420032206001,1269,0.484500933
420032206002,536,0.318567871
420035200022,1034,0.097449077
420034741012,1610,0.067998106
420034961012,1532,0.019080468
420034020001,578,0.249741833
420035237011,733,0.033208563
420035030025,1867,0.0882238
420034080012,2121,0.011682627
420034752004,1921,0.11424276
420031014003,576,0.443090557
420034600022,1903,0.075334979
420035214022,1026,0.045899037
420035262011,1457,0.081447245
420035215001,1213,0.026050067
420034838003,1132,0.48394061
420034885002,1428,0.020755542
420035211002,1208,0.128512826
420035263021,1636,0.126011617
420035237012,1872,0.074049198
420034070021,1371,0.024257325
420034133003,648,0.088308765
420034142001,3190,0.030502425
420032703002,575,0.278698695
420034070023,841,0.010841541
420034070014,1699,0.010707234
420031920004,771,0.355274981
420034292023,1999,0.097657013
420034838002,1142,0.112309273
420034560012,3064,0.036992527
420031302002,1115,0.598480985
420031916003,707,0.414385689
420035215002,2148,0.048643188
420034560031,1186,0.016537748
420035212001,1939,0.082767393
420031702002,770,0.221435535
420035235021,1491,0.031591513
420035262022,2044,0.021725708
420034011002,1699,0.030405505
420034060001,1584,0.005986598
420034132021,1016,0.046180412
420034120011,2998,0.077378625
420034268002,2739,0.128619689
420034291002,1318,0.044054586
420034150013,1969,0.011448914
420034212003,422,0.228294446
420034560011,896,0.014320104
420034135001,743,0.028119707
420034272001,1442,0.12203492
420031517002,745,0.255549191
420034911011,3285,0.0576863
420034639001,1014,0.222057735
420034120021,2834,0.031914113
420034690001,992,0.169307257
420034013003,932,0.044836556
420034773005,1449,0.082266583
420035234006,726,0.090687539
420034212004,935,0.024762321
420035638006,392,0.087303956
420039803001,0,0
420034131003,1356,0.048150861
420034993002,1130,0.076177533
420034994001,881,0.059240949
420034994002,860,0.424345595
420035030021,1039,0.103440002
420035030022,983,0.140996586
420035030023,996,0.107456349
420035030024,1013,0.158318356
420035041002,589,0.032101207
420035041003,1295,0.227537482
420035094005,778,0.117294448
420035100001,848,0.110452765
420035120001,1139,0.25669341
420035120002,1244,0.148861877
420035129001,659,0.287189768
420035129002,359,0.138293405
420035138001,866,0.313536372
420035138002,853,0.170865183
420031014002,642,0.554131386
420035138003,150,0.021954315
420035161001,1372,0.192299067
420035140002,1418,0.159660592
420035151001,878,0.172456125
420035151002,1020,0.250099917
420035151003,871,0.498432028
420035152002,1181,0.51943825
420035153001,659,0.280689499
420035153002,961,0.151950452
420035162001,824,0.177857593
420035162002,844,0.244832838
420035180013,893,0.092067835
420035200021,1047,0.086829672
420035200023,955,0.209589775
420035211001,964,0.084473966
420035213011,615,0.062047632
420035213012,1330,0.143693994
420035231002,1341,0.137736378
420035231003,962,0.139546691
420035232002,1107,0.206156769
420035232003,1166,0.162601853
420035232004,431,0.137042054
420035233001,873,0.123809065
420035233003,698,0.182905898
420035234002,564,0.20493218
420035522001,870,0.108155685
420035234005,658,0.132193018
420035235011,1789,0.094634554
420035235012,1261,0.083312081
420035235013,1237,0.104736867
420035236001,1771,0.060231109
420034511052,890,0.061022225
420035237013,790,0.075449786
420035237014,670,0.087334423
420035237022,1622,0.084233048
420035237023,1393,0.095374834
420035238001,1029,0.107051901
420035238002,726,0.089538212
420035238003,1272,0.285354708
420035240001,786,0.369633611
420035251001,1865,0.136997873
420035252001,1266,0.214086412
420035252002,1003,0.187358267
420035640001,3834,0.015103906
420034530031,1370,0.01134952
420035253001,688,0.098130248
420035262021,1433,0.108380711
420035262023,1254,0.200872047
420035263011,1453,0.105930736
420035263022,875,0.14102281
420035263023,1400,0.120394481
420035263024,1159,0.127000337
420035509001,826,0.150520626
420035509002,1040,0.235872058
420035512001,1170,0.293777934
420035512002,1282,0.242577911
420035512003,929,0.243663823
420035513001,959,0.085123531
420035519001,405,0.057710147
420035519002,1069,0.096417664
420035520002,522,0.349941006
420035520003,370,0.309877556
420035520004,1130,0.500673472
420035521001,864,0.20023871
420035521002,636,0.243590431
420034263002,2459,0.147629257
420034886002,566,0.028268043
420034511011,1979,0.037568692
420031918003,708,0.37246299
420035630002,586,0.101973518
420032704001,933,0.235121568
420032022003,742,0.402980535
420034900024,547,0.049825973
420034900025,572,0.120714834
420032814002,1759,0.179332423
420034890012,1654,0.109718367
420034890013,2235,0.119492007
420034900032,1173,0.065226711
420034900033,1772,0.145537693
420034927003,838,0.207187272
420034928001,1213,0.159682373
420034928002,1008,0.114211904
420034929001,1271,0.100562947
420034940001,1439,0.162258219
420034962001,1254,0.036185589
420034962002,1025,0.073548617
420034962005,1083,0.086274335
420034980001,1075,0.086352317
420035003001,1350,0.135878317
420035003002,433,0.06627808
420035003003,737,0.081722357
420035003004,1177,0.299142475
420035010001,1621,0.128827983
420035041001,566,0.049191085
420035070001,887,0.156488449
420035070002,1068,0.210647564
420035080001,873,0.158365049
420035094001,1592,0.260257446
420035094002,1403,0.352325777
420035094003,494,0.259629686
420035094004,930,0.143757449
420035627002,1456,0.271663078
420030402001,692,0.214880139
420039812001,0,0
420035152001,978,0.306463945
420035170002,930,0.055418862
420035190001,1038,0.045290566
420035190002,1502,0.070436042
420035213021,1501,0.141973037
420035214012,847,0.042325345
420035215003,717,0.050709437
420035220003,727,0.099196468
420034240002,789,0.148050018
420034240003,630,0.214573272
420039800001,0,0
420035620002,1092,0.405554462
420031516002,698,0.160545764
420034773004,921,0.127840495
420034782001,1271,0.245913216
420034271002,1871,0.116891328
420030103002,3419,1.241732978
420035261013,2758,0.112682133
420034135002,2003,0.076702798
420034020002,734,0.331112384
420035214011,2160,0.040579147
420031918001,863,0.573452409
420031608002,812,0.346318869
420030806002,718,0.421027941
420035233002,1183,0.088253747
420031403002,965,0.334149373
420031608003,489,0.193443492
420035638003,208,0.009795841
420031608004,802,0.191065656
420031609001,1054,0.259678186
420031803001,1305,0.275265932
420031803002,369,0.238049158
420031803003,399,0.284571111
420031706003,573,0.178278076
420031807002,710,0.554431942
420031903002,762,0.223009813
420031911002,1349,0.151079225
420031914001,1431,0.375906273
420032609001,1698,0.208906966
420032612001,1019,0.096671521
420032614002,329,0.093045355
420032701001,1733,0.397968135
420032701002,1046,0.173083383
420032703001,1648,0.426075401
420032708001,606,0.188890378
420034804001,1159,0.086050214
420034927002,897,0.072659937
420032708002,798,0.252349571
420032715001,905,0.137335122
420032715002,1164,0.336111159
420032715003,1165,0.29985895
420032902005,1585,0.627017533
420033102001,674,0.234361417
420033102002,561,0.093015081
420033103001,997,0.04871737
420033204001,713,0.146205426
420033204002,675,0.390132819
420033204003,657,0.341555977
420033206001,1142,0.17322794
420034961023,1385,0.007445546
420035523001,180,0.088807756
420034012001,329,0.075608024
420034012002,1201,0.112639334
420034012003,729,0.115696472
420034012004,624,0.12808171
420034013001,1256,0.246013542
420034070011,824,0.007608835
420034070013,1770,0.012561243
420034070024,2917,0.054774683
420034080011,1760,0.045818717
420034080021,3862,0.101265292
420034080022,2046,0.026052755
420030203001,1212,0.075989224
420030305001,1269,0.33116817
420030305002,840,0.299320116
420030506001,1056,0.269773834
420030506002,271,0.214855983
420030506003,818,0.285185353
420030509001,1348,0.2962416
420030510001,867,0.353945451
420034315004,590,0.14828517
420035604001,700,0.187725438
420030802001,1093,0.431848533
420030804001,732,0.32342584
420030804002,815,0.399394293
420030806001,1355,0.578106201
420030807001,871,0.660233621
420030807002,1007,0.703531631
420030809001,997,0.449633799
420030809002,914,0.576696174
420032814001,802,0.230390918
420032815001,459,0.150931732
420032901001,809,0.10906228
420034011004,855,0.087077407
420034132022,1744,0.08964212
420034142003,1609,0.069189392
420034150022,1269,0.028171278
420034211002,692,0.056618331
420034211004,889,0.090029693
420034212001,1854,0.058031384
420034110002,2509,0.046481556
420034220001,1501,0.02984207
420034133001,1566,0.061529346
420034133002,2072,0.084034125
420034134001,1494,0.085184558
420034134002,1324,0.079065923
420034160001,864,0.098868165
420034160002,710,0.014310996
420034171001,733,0.162979795
420034171003,599,0.157603791
420034172001,1285,0.097389359
420034220002,695,0.015776845
420034220003,830,0.052787666
420034230001,740,0.186422873
420034230002,1232,0.440136757
420034230003,752,0.32673491
420034240001,964,0.266822405
420034134003,1708,0.176843631
420034135003,1564,0.133075917
420034141011,2234,0.108638143
420034141013,891,0.049744189
420034142002,1012,0.072221128
420034190002,799,0.064573692
420034190003,1246,0.018265459
420034200001,1606,0.209117851
420034211001,1196,0.048259958
420034180001,1697,0.141606183
420034020003,1135,0.248252934
420034035001,740,0.04206326
420034035002,606,0.200308727
420034035003,1270,0.366071248
420034035004,747,0.19407235
420034035005,1050,0.277306796
420034040001,1449,0.024612456
420034050001,562,0.004093729
420034050002,561,0.00535668
420031401002,2439,0.446918571
420031401004,1916,1.002737116
420031402001,1058,0.249976373
420031402002,1465,0.435685141
420031403003,950,0.372133106
420031403004,657,0.269245743
420031404001,799,0.379678865
420031404002,609,0.305379493
420034886003,1083,0.015525088
420035644004,1372,0.021894063
420035213024,430,0.01428244
420035639001,683,0.165750549
420035624005,381,0.27467576
420031702004,1109,0.597518332
420035644002,1346,0.094792204
420035616002,682,0.081610088
420035240002,1116,0.187706566
420035236003,2482,0.161608743
420034845003,993,0.281472159
420035623006,320,0.258916435
420035623004,222,0.151443833
420031106002,945,0.414883108
420031204001,336,0.190766016
420035154013,708,0.338263961
420035616004,339,0.166147965
420035620003,466,0.20011251
420035629003,917,0.114123712
420034961021,1505,0.021693353
420034689002,923,0.128552606
420034761005,1585,0.349639551
420034736024,1052,0.230443516
420034803003,473,0.19741977
420034843001,1283,0.082696672
420034890011,744,0.211113539
420034900042,1964,0.047102444
420034950002,1497,0.007709202
420035213023,1572,0.044588105
420034980002,1288,0.052359597
420035211003,2084,0.079743566
420035213013,1046,0.031861219
420035237021,1817,0.054827953
420034689003,1339,0.401872805
420034690002,2175,0.105008343
420034761003,935,0.171854782
420034761004,1566,0.253954457
420034762001,692,0.218907676
420034762002,1253,0.146101151
420035214021,1402,0.072062292
420035231001,1051,0.025856563
420035232001,1491,0.090268936
420035237024,630,0.213953141
420035513002,1663,0.059018092
420035261011,621,0.013209865
420035261012,2546,0.010705491
420035262012,2408,0.054778827
420035240003,865,0.172736059
420035605002,1487,0.545081982
420030103001,2505,0.85951332
420030405002,1528,0.748579267
420030201001,1826,0.419653384
420030201002,1519,0.82727446
420034804003,1567,0.203813537
420034810001,583,0.2741259
420034810002,572,0.270510565
420034810003,1434,0.734537073
420034810004,735,0.28266078
420030201003,524,0.31696488
420030402002,884,0.312724417
420030404001,371,0.493292026
420030405001,1727,0.643936852
420030510002,1263,0.314583681
420030709002,783,0.572380973
420030511001,402,0.206578657
420030603002,1092,0.150008036
420034838001,896,0.373725745
420030605001,681,0.166903992
420030605002,563,0.219735615
420030703001,690,0.683574401
420030703002,735,0.648079568
420034703002,2335,0.130531955
420034704001,834,0.210327218
420034704002,688,0.203746809
420032602001,743,0.128948282
420032602002,951,0.157193201
420032602003,386,0.152697726
420032607001,438,0.118440159
420032607002,1076,0.356834914
420034900041,2192,0.161791516
420034704003,1271,0.119968248
420034771001,1214,0.155792824
420034771002,616,0.105580332
420034771003,1513,0.189230496
420034772001,938,0.138796202
420034295003,446,0.028073108
420034110001,2396,0.027459584
420030409001,1233,0.287645252
420030409002,1579,0.685803137
420030501001,513,0.211877532
420030406001,2212,0.87409755
420030501002,242,0.100860229
420030501003,990,0.321099132
420030703003,767,0.358086594
420030705001,1374,0.95009577
420030705003,852,0.433877038
420030706001,881,0.608774367
420030706002,1269,0.875051717
420030708001,1304,0.707987665
420030708002,1262,0.480769231
420030709001,1840,0.600132421
420030903002,537,0.51089335
420035200012,1784,0.086652166
420030901001,1377,0.375223785
420030902001,927,0.579614091
420030902002,1025,0.476866175
420030903001,1094,0.721317096
420031102002,613,0.4220891
420031016001,1043,0.224492256
420031017001,687,0.393653413
420031017002,640,0.293606265
420031102003,979,0.328308657
420031102004,1546,0.681687905
420031115004,428,0.153304463
420031203001,1513,0.194831116
420031203002,585,0.193003062
420031204002,385,0.147348681
420031207001,345,0.109567985
420032615001,820,0.233616902
420032620001,1184,0.194204696
420032620002,667,0.364015412
420031113001,924,0.58181635
420031005002,1152,0.305994789
420031011001,1504,0.949063557
420031011002,411,0.064040837
420031005001,693,0.205133974
420031014001,1043,0.194685442
420031014004,822,0.550285519
420031106003,682,0.502013205
420031115003,635,0.260322718
420031113002,814,0.623363098
420031113003,631,0.697638422
420031113004,644,0.400532385
420031114001,615,0.395709607
420031114002,854,0.49592344
420031115001,664,0.337935843
420031115002,1043,0.424554991
420031207002,537,0.268427525
420031405001,589,0.154156601
420031208001,388,0.213047513
420031208002,448,0.083960696
420031301001,695,0.155614667
420031301002,518,0.306376536
420031301003,489,0.312559923
420031302001,307,0.189292343
420031303002,364,0.215477692
420031406002,994,0.308072809
420031405002,407,0.2037139
420031405003,919,0.531674863
420031406001,1333,0.350276043
420034580002,3619,0.02065115
420031404003,911,0.214287394
420031408001,1849,0.303118233
420031414003,1252,0.424834494
420034883001,2046,0.032935531
420034520002,1934,0.029692574
420034927001,554,0.025065185
420034520001,476,0.001574754
420034141022,2503,0.049749889
420034513003,1445,0.033690955
420034803001,676,0.054416512
420034120012,2203,0.016900662
420034736013,1483,0.251731396
420034390001,1463,0.01052524
420035100002,728,0.307892711
420034296001,2262,0.086134547
420034150012,1615,0.021145364
420034962004,485,0.030224038
420034090001,4725,0.02387401
420034090002,2300,0.02653261
420034090004,2269,0.072279124
420034100001,1225,0.053156613
420034120013,1770,0.087100127
420034120014,2493,0.070631433
420034120022,2291,0.062375745
420034131001,1103,0.014125723
420034132011,874,0.063791802
420034132012,1072,0.088704052
420034132013,1753,0.145927191
420034272004,847,0.076506809
420034315001,673,0.396092049
420031303003,508,0.218271189
420031304001,231,0.140044984
420031304002,361,0.185864036
420031304003,353,0.304538749
420031306002,576,0.171397965
420031306003,1535,0.218605539
420031401001,883,0.202029909
420031408002,1792,0.482620803
420031408003,846,0.784968685
420031410001,953,0.18764312
420031413001,1354,0.345909379
420031413002,1535,0.518379684
420031413003,2237,1.103840992
420031516001,1221,0.481311248
420031516003,657,0.49761041
420034560033,3026,0.015274393
420031403001,859,0.558346929
420034742011,2535,0.07628736
420034742022,2573,0.054783017
420034802002,542,0.119872519
420033001002,947,0.792442094
420035080002,987,0.176492362
420034020004,728,0.17565321
420034090003,3824,0.0309684
420034272003,1617,0.156677393
420034220004,2095,0.022368142
420034150021,1404,0.016491015
420034591023,2496,0.053565876
420034592013,2006,0.031616771
420030705002,905,1.261025262
420031303001,358,0.247502506
420034508002,430,0.161266127
420034886004,2256,0.084619378
420034804004,948,0.059382869
420034790002,1195,0.207514274
420031807001,520,0.404414338
420034110003,4148,0.016011787
420034070022,1254,0.016814006
420034520004,1375,0.003851227
420034600023,474,0.057550463
420031517001,1209,0.557474259
420035261021,2115,0.015341299
420032022001,1669,0.304991146
420032815002,967,0.308950622
420034803004,626,0.169891714
420035212002,854,0.033994366
420035524003,1334,0.097180031
420034150011,932,0.012187214
420034211003,1838,0.044849899
420034141021,3036,0.060947884
420034324002,798,0.481323096
420034773001,1228,0.578271496
420035041004,1387,0.038155434
420034292022,1101,0.098442622
420031102001,835,0.576693303
420033001001,112,0.118243243
420034929002,838,0.207601484
420035212003,1366,0.055162076
420035606001,306,0.167049716
420035213014,1132,0.045843805
420034560041,1632,0.047797549
420032904001,756,0.286460208
420032904002,1246,0.241263866
420032904005,616,0.346593147
420033001003,654,0.367044562
420033102003,540,0.160446398
420033102004,892,0.085181479
420033102005,546,0.204112913
420031106001,763,0.278505778
420034131004,1900,0.057829753
420034370001,3929,0.036937533
420034530041,1686,0.100673966
420034870002,986,0.066362807
420031920005,784,0.479185385
420034804002,812,0.062029053
420034511012,1680,0.080395623
420030404002,1500,1.206796679
420034131002,2032,0.099606427
420035638001,700,0.010667257
420035633001,691,0.010807693
420034511041,3407,0.072396002
420034511023,2930,0.134381047
420034511053,3002,0.047868741
420034513004,915,0.021023744
420034513001,3743,0.01787689
420034070012,1261,0.016188378
420031915001,720,0.13635279
420031916001,664,0.0568741
420034530032,550,0.015744141
420035640002,2225,0.013202497
420034687001,967,0.087555129
