,Budget,Cost,Block,DistTravel(mi),DesignatedPOD
0,1000000,10000,0,5.666841915,21
1,1000000,10000,1,3.164102083,1
2,1000000,10000,2,6.656777521,21
3,1000000,10000,3,5.390432239,26
4,1000000,10000,4,5.928945508,39
5,1000000,10000,5,7.094265157,20
6,1000000,10000,6,6.639810646,21
7,1000000,10000,7,6.991715235,41
8,1000000,10000,8,5.403572736,18
9,1000000,10000,9,5.079593943,41
10,1000000,10000,10,4.842187533,41
11,1000000,10000,11,6.437575307,17
12,1000000,10000,12,5.697679189,21
13,1000000,10000,13,5.778765225,21
14,1000000,10000,14,5.540432736,21
15,1000000,10000,15,5.925965963,21
16,1000000,10000,16,4.702868459,21
17,1000000,10000,17,5.488367022,21
18,1000000,10000,18,3.514470746,21
19,1000000,10000,19,3.459467267,21
20,1000000,10000,20,3.364839467,21
21,1000000,10000,21,2.846632452,21
22,1000000,10000,22,2.953903204,21
23,1000000,10000,23,2.447665331,21
24,1000000,10000,24,2.197757854,21
25,1000000,10000,25,3.320815524,21
26,1000000,10000,26,3.657634447,21
27,1000000,10000,27,3.121854906,21
28,1000000,10000,28,6.174083045,3
29,1000000,10000,29,2.704325491,21
30,1000000,10000,30,2.312433206,21
31,1000000,10000,31,6.766492044,26
32,1000000,10000,32,7.052339232,17
33,1000000,10000,33,6.005870788,26
34,1000000,10000,34,5.788511601,20
35,1000000,10000,35,6.408816082,19
36,1000000,10000,36,4.621821152,21
37,1000000,10000,37,5.582755882,21
38,1000000,10000,38,4.812376746,19
39,1000000,10000,39,1.824880121,19
40,1000000,10000,40,6.147941805,21
41,1000000,10000,41,4.47615822,21
42,1000000,10000,42,4.915929858,21
43,1000000,10000,43,6.830112874,20
44,1000000,10000,44,4.734317802,20
45,1000000,10000,45,4.244015465,21
46,1000000,10000,46,4.945063404,21
47,1000000,10000,47,5.472516115,21
48,1000000,10000,48,2.009435328,21
49,1000000,10000,49,7.060281629,15
50,1000000,10000,50,7.075172898,19
51,1000000,10000,51,1.862150082,29
52,1000000,10000,52,6.74929873,26
53,1000000,10000,53,5.212022451,13
54,1000000,10000,54,4.076912567,13
55,1000000,10000,55,5.287811877,19
56,1000000,10000,56,6.665562975,19
57,1000000,10000,57,5.418574688,21
58,1000000,10000,58,6.205153168,21
59,1000000,10000,59,5.694092967,21
60,1000000,10000,60,5.609554785,21
61,1000000,10000,61,5.015529132,19
62,1000000,10000,62,5.767518901,41
63,1000000,10000,63,4.63192619,41
64,1000000,10000,64,4.57668537,19
65,1000000,10000,65,3.212043069,19
66,1000000,10000,66,2.965907663,19
67,1000000,10000,67,6.978432665,19
68,1000000,10000,68,5.215767888,21
69,1000000,10000,69,7.031101227,21
70,1000000,10000,70,5.284176224,21
71,1000000,10000,71,4.550845344,21
72,1000000,10000,72,4.820860764,21
73,1000000,10000,73,2.463215557,21
74,1000000,10000,74,4.901141112,21
75,1000000,10000,75,4.645723585,21
76,1000000,10000,76,2.866846452,19
77,1000000,10000,77,2.76989602,28
78,1000000,10000,78,1.572375251,21
79,1000000,10000,79,1.250696769,21
80,1000000,10000,80,5.8332718,19
81,1000000,10000,81,5.452382546,21
82,1000000,10000,82,2.691213953,19
83,1000000,10000,83,2.336057196,19
84,1000000,10000,84,2.47976123,19
85,1000000,10000,85,5.85764101,19
86,1000000,10000,86,6.219275946,21
87,1000000,10000,87,6.222025548,21
88,1000000,10000,88,7.088001933,19
89,1000000,10000,89,5.4429446,19
90,1000000,10000,90,5.174666809,19
91,1000000,10000,91,5.577150324,19
92,1000000,10000,92,3.651338079,19
93,1000000,10000,93,5.872903084,26
94,1000000,10000,94,5.410730524,26
95,1000000,10000,95,4.789084515,20
96,1000000,10000,96,3.571397787,20
97,1000000,10000,97,5.850923815,21
98,1000000,10000,98,5.77029096,26
99,1000000,10000,99,6.053918343,19
100,1000000,10000,100,4.49220496,19
101,1000000,10000,101,5.994302933,15
102,1000000,10000,102,6.356122078,15
103,1000000,10000,103,4.18986475,21
104,1000000,10000,104,6.928008491,21
105,1000000,10000,105,2.649369627,18
106,1000000,10000,106,4.982765362,20
107,1000000,10000,107,1.696776141,27
108,1000000,10000,108,6.150414379,41
109,1000000,10000,109,5.608695719,26
110,1000000,10000,110,5.156209056,21
111,1000000,10000,111,6.741236976,15
112,1000000,10000,112,5.750435492,15
113,1000000,10000,113,7.078685416,21
114,1000000,10000,114,3.882532022,3
115,1000000,10000,115,6.290197912,41
116,1000000,10000,116,5.499059948,41
117,1000000,10000,117,5.966505778,14
118,1000000,10000,118,7.041772538,39
119,1000000,10000,119,5.752765887,14
120,1000000,10000,120,4.316514811,41
121,1000000,10000,121,3.359325283,21
122,1000000,10000,122,6.154961171,20
123,1000000,10000,123,6.769954329,18
124,1000000,10000,124,3.394181434,19
125,1000000,10000,125,5.318704905,21
126,1000000,10000,126,7.034568992,21
127,1000000,10000,127,6.201919221,20
128,1000000,10000,128,1.920804681,20
129,1000000,10000,129,6.942545823,19
130,1000000,10000,130,1.278706733,43
131,1000000,10000,131,5.888627898,26
132,1000000,10000,132,5.168699693,22
133,1000000,10000,133,1.343542492,19
134,1000000,10000,134,4.528894734,19
135,1000000,10000,135,3.707119647,22
136,1000000,10000,136,2.187200693,22
137,1000000,10000,137,6.328574563,22
138,1000000,10000,138,3.05695569,21
139,1000000,10000,139,3.08072023,21
140,1000000,10000,140,4.284345846,3
141,1000000,10000,141,3.425218659,3
142,1000000,10000,142,0.633534169,16
143,1000000,10000,143,2.643185128,19
144,1000000,10000,144,1.814445515,20
145,1000000,10000,145,5.84281837,14
146,1000000,10000,146,5.968441576,14
147,1000000,10000,147,5.840461652,14
148,1000000,10000,148,6.65718999,22
149,1000000,10000,149,4.377462022,22
150,1000000,10000,150,5.319424392,20
151,1000000,10000,151,6.034916842,20
152,1000000,10000,152,6.999512516,26
153,1000000,10000,153,4.195361561,18
154,1000000,10000,154,6.664605024,23
155,1000000,10000,155,2.722795659,22
156,1000000,10000,156,4.991638735,18
157,1000000,10000,157,6.119547109,18
158,1000000,10000,158,6.891097243,18
159,1000000,10000,159,5.529312005,14
160,1000000,10000,160,6.039036869,21
161,1000000,10000,161,6.10130236,20
162,1000000,10000,162,4.970757884,20
163,1000000,10000,163,5.05105641,14
164,1000000,10000,164,3.508268793,14
165,1000000,10000,165,2.021143796,29
166,1000000,10000,166,6.835712881,19
167,1000000,10000,167,6.638752813,20
168,1000000,10000,168,6.009233415,20
169,1000000,10000,169,3.08890044,26
170,1000000,10000,170,6.760834198,20
171,1000000,10000,171,4.114380952,26
172,1000000,10000,172,3.710093253,26
173,1000000,10000,173,3.620262025,19
174,1000000,10000,174,6.553225125,41
175,1000000,10000,175,6.264084404,3
176,1000000,10000,176,5.234837251,41
177,1000000,10000,177,5.612793243,21
178,1000000,10000,178,7.022453522,26
179,1000000,10000,179,6.301771634,21
180,1000000,10000,180,6.945639628,20
181,1000000,10000,181,4.749691239,26
182,1000000,10000,182,4.97119963,26
183,1000000,10000,183,5.606525303,26
184,1000000,10000,184,5.890871636,26
185,1000000,10000,185,5.123261229,21
186,1000000,10000,186,4.331417964,15
187,1000000,10000,187,4.44283139,41
188,1000000,10000,188,4.577500623,41
189,1000000,10000,189,6.713020399,19
190,1000000,10000,190,6.463764024,19
191,1000000,10000,191,1.810750135,44
192,1000000,10000,192,1.724241179,21
193,1000000,10000,193,4.609699361,22
194,1000000,10000,194,5.334137162,41
195,1000000,10000,195,5.152565768,41
196,1000000,10000,196,5.27092834,41
197,1000000,10000,197,5.275529729,41
198,1000000,10000,198,5.748049373,41
199,1000000,10000,199,5.862457098,41
200,1000000,10000,200,5.734702621,41
201,1000000,10000,201,6.630092352,15
202,1000000,10000,202,4.039312732,22
203,1000000,10000,203,3.711550286,22
204,1000000,10000,204,5.628254244,22
205,1000000,10000,205,4.793004273,22
206,1000000,10000,206,7.056257512,22
207,1000000,10000,207,6.955243044,41
208,1000000,10000,208,6.252442981,41
209,1000000,10000,209,6.184857426,41
210,1000000,10000,210,6.072192452,41
211,1000000,10000,211,5.766906728,41
212,1000000,10000,212,7.011907503,3
213,1000000,10000,213,6.303016241,23
214,1000000,10000,214,1.986802869,20
215,1000000,10000,215,5.27771219,21
216,1000000,10000,216,6.478209888,21
217,1000000,10000,217,6.190611516,19
218,1000000,10000,218,6.343546986,3
219,1000000,10000,219,6.425204885,13
220,1000000,10000,220,7.147131345,41
221,1000000,10000,221,1.874155127,13
222,1000000,10000,222,2.115130349,15
223,1000000,10000,223,6.954565907,15
224,1000000,10000,224,6.073784587,15
225,1000000,10000,225,1.043436433,19
226,1000000,10000,226,1.964539131,15
227,1000000,10000,227,6.61301474,39
228,1000000,10000,228,4.777513553,21
229,1000000,10000,229,7.025839474,19
230,1000000,10000,230,3.010695547,21
231,1000000,10000,231,3.32931851,21
232,1000000,10000,232,5.262883815,21
233,1000000,10000,233,5.920782086,21
234,1000000,10000,234,2.115574393,21
235,1000000,10000,235,1.628475386,21
236,1000000,10000,236,1.760694877,21
237,1000000,10000,237,1.778466646,21
238,1000000,10000,238,1.796749034,21
239,1000000,10000,239,4.896335695,3
240,1000000,10000,240,1.491070993,21
241,1000000,10000,241,5.583020266,21
242,1000000,10000,242,5.511596817,21
243,1000000,10000,243,5.203754892,21
244,1000000,10000,244,5.676669597,21
245,1000000,10000,245,1.841382363,21
246,1000000,10000,246,4.65419627,3
247,1000000,10000,247,1.087867095,21
248,1000000,10000,248,4.741146287,3
249,1000000,10000,249,0.747906251,21
250,1000000,10000,250,0.595551396,21
251,1000000,10000,251,0.233233226,21
252,1000000,10000,252,4.873485182,21
253,1000000,10000,253,6.099223537,39
254,1000000,10000,254,2.485750905,21
255,1000000,10000,255,1.073540615,21
256,1000000,10000,256,1.709578403,21
257,1000000,10000,257,1.145261479,21
258,1000000,10000,258,3.950805599,21
259,1000000,10000,259,5.222079913,21
260,1000000,10000,260,4.639196445,3
261,1000000,10000,261,6.194878653,21
262,1000000,10000,262,6.814449991,21
263,1000000,10000,263,4.201521916,21
264,1000000,10000,264,3.564197999,20
265,1000000,10000,265,3.10546251,20
266,1000000,10000,266,3.248190424,20
267,1000000,10000,267,3.270288172,20
268,1000000,10000,268,3.007382897,20
269,1000000,10000,269,3.338701806,21
270,1000000,10000,270,2.724135602,21
271,1000000,10000,271,5.475756673,15
272,1000000,10000,272,5.965676547,3
273,1000000,10000,273,4.713681522,21
274,1000000,10000,274,6.011175274,19
275,1000000,10000,275,1.70822971,21
276,1000000,10000,276,4.314954281,21
277,1000000,10000,277,2.762203885,21
278,1000000,10000,278,5.306401458,21
279,1000000,10000,279,6.201739925,18
280,1000000,10000,280,4.266036315,18
281,1000000,10000,281,4.545783781,26
282,1000000,10000,282,5.196100573,26
283,1000000,10000,283,4.860218142,43
284,1000000,10000,284,6.878724483,3
285,1000000,10000,285,4.804274718,21
286,1000000,10000,286,4.499002021,21
287,1000000,10000,287,3.921983569,21
288,1000000,10000,288,3.876909209,21
289,1000000,10000,289,5.836281442,26
290,1000000,10000,290,6.1022281,26
291,1000000,10000,291,6.379039811,26
292,1000000,10000,292,4.654675601,21
293,1000000,10000,293,4.899958472,21
294,1000000,10000,294,4.192486087,21
295,1000000,10000,295,3.65948231,20
296,1000000,10000,296,4.930243896,26
297,1000000,10000,297,4.786936897,26
298,1000000,10000,298,7.133934661,23
299,1000000,10000,299,4.977901265,23
300,1000000,10000,300,6.484488842,20
301,1000000,10000,301,6.531035053,20
302,1000000,10000,302,2.253823871,26
303,1000000,10000,303,6.13495579,23
304,1000000,10000,304,4.735742339,23
305,1000000,10000,305,5.549263793,23
306,1000000,10000,306,6.680580611,23
307,1000000,10000,307,6.723459045,23
308,1000000,10000,308,4.903922794,23
309,1000000,10000,309,5.986137633,23
310,1000000,10000,310,2.848706875,26
311,1000000,10000,311,6.575092162,20
312,1000000,10000,312,7.093044371,23
313,1000000,10000,313,4.985818091,21
314,1000000,10000,314,4.856743016,21
315,1000000,10000,315,1.507665743,26
316,1000000,10000,316,6.491209483,23
317,1000000,10000,317,6.493072826,23
318,1000000,10000,318,6.443741591,23
319,1000000,10000,319,6.801154761,23
320,1000000,10000,320,6.018912337,41
321,1000000,10000,321,7.033139545,23
322,1000000,10000,322,6.262415491,14
323,1000000,10000,323,6.56796901,17
324,1000000,10000,324,6.150039665,21
325,1000000,10000,325,6.13837677,14
326,1000000,10000,326,5.741863039,19
327,1000000,10000,327,3.454515897,20
328,1000000,10000,328,4.742110987,20
329,1000000,10000,329,6.158509309,21
330,1000000,10000,330,2.790487655,20
331,1000000,10000,331,6.106877948,20
332,1000000,10000,332,4.223785756,38
333,1000000,10000,333,2.705288927,21
334,1000000,10000,334,1.713383106,3
335,1000000,10000,335,7.149177838,20
336,1000000,10000,336,4.614486557,22
337,1000000,10000,337,6.526680831,21
338,1000000,10000,338,3.776102488,16
339,1000000,10000,339,6.04408812,21
340,1000000,10000,340,3.852820469,16
341,1000000,10000,341,7.032736057,19
342,1000000,10000,342,6.932723163,21
343,1000000,10000,343,6.845737078,21
344,1000000,10000,344,6.824558922,26
345,1000000,10000,345,6.552820438,14
346,1000000,10000,346,5.504031254,41
347,1000000,10000,347,6.643073317,21
348,1000000,10000,348,0.994561322,19
349,1000000,10000,349,1.375955805,19
350,1000000,10000,350,5.559849966,41
351,1000000,10000,351,6.631876925,17
352,1000000,10000,352,6.007250965,22
353,1000000,10000,353,4.952412364,41
354,1000000,10000,354,6.747128854,21
355,1000000,10000,355,7.032385901,17
356,1000000,10000,356,4.441323939,20
357,1000000,10000,357,6.881293083,21
358,1000000,10000,358,3.012616348,13
359,1000000,10000,359,6.336732894,41
360,1000000,10000,360,5.452421022,21
361,1000000,10000,361,1.208668755,21
362,1000000,10000,362,0.926715587,21
363,1000000,10000,363,4.073043964,3
364,1000000,10000,364,0.586796248,21
365,1000000,10000,365,0.693280618,21
366,1000000,10000,366,1.501789642,21
367,1000000,10000,367,4.829674818,21
368,1000000,10000,368,5.5379013,21
369,1000000,10000,369,6.530481709,21
370,1000000,10000,370,6.420125579,14
371,1000000,10000,371,2.76062872,3
372,1000000,10000,372,1.628296323,21
373,1000000,10000,373,0.5919419,21
374,1000000,10000,374,0.955771531,21
375,1000000,10000,375,5.362280195,26
376,1000000,10000,376,2.504173996,21
377,1000000,10000,377,4.85919147,41
378,1000000,10000,378,4.971667938,41
379,1000000,10000,379,1.40583391,21
380,1000000,10000,380,1.091331976,21
381,1000000,10000,381,1.270712776,21
382,1000000,10000,382,6.485161813,21
383,1000000,10000,383,1.816534361,21
384,1000000,10000,384,2.246281802,21
385,1000000,10000,385,2.894778353,21
386,1000000,10000,386,4.565006211,21
387,1000000,10000,387,5.625426479,21
388,1000000,10000,388,2.023310853,3
389,1000000,10000,389,6.397478844,19
390,1000000,10000,390,3.158360313,21
391,1000000,10000,391,3.170905822,21
392,1000000,10000,392,2.407562588,21
393,1000000,10000,393,3.159279456,21
394,1000000,10000,394,6.497984146,19
395,1000000,10000,395,2.675431724,41
396,1000000,10000,396,2.948990673,21
397,1000000,10000,397,3.142908838,20
398,1000000,10000,398,5.805609176,23
399,1000000,10000,399,6.460863691,41
400,1000000,10000,400,4.818876675,41
401,1000000,10000,401,4.134439708,41
402,1000000,10000,402,6.07348572,21
403,1000000,10000,403,5.674876814,13
404,1000000,10000,404,6.786307655,21
405,1000000,10000,405,6.262100198,21
406,1000000,10000,406,3.893825521,20
407,1000000,10000,407,3.851132303,20
408,1000000,10000,408,3.72740283,21
409,1000000,10000,409,4.769009318,21
410,1000000,10000,410,5.230058179,21
411,1000000,10000,411,5.189522367,21
412,1000000,10000,412,2.660115983,41
413,1000000,10000,413,2.340741855,19
414,1000000,10000,414,2.950054081,19
415,1000000,10000,415,1.194622204,21
416,1000000,10000,416,3.70334157,26
417,1000000,10000,417,5.161616258,21
418,1000000,10000,418,6.348159683,33
419,1000000,10000,419,3.771044186,14
420,1000000,10000,420,4.669627404,41
421,1000000,10000,421,5.629670516,14
422,1000000,10000,422,3.668967813,20
423,1000000,10000,423,4.58588296,20
424,1000000,10000,424,6.397598163,21
425,1000000,10000,425,6.087420345,21
426,1000000,10000,426,5.112278913,21
427,1000000,10000,427,5.385488652,21
428,1000000,10000,428,5.696440745,21
429,1000000,10000,429,5.620301593,21
430,1000000,10000,430,6.789368689,19
431,1000000,10000,431,6.037656119,19
432,1000000,10000,432,3.589716746,19
433,1000000,10000,433,6.134528733,21
434,1000000,10000,434,2.635472131,21
435,1000000,10000,435,6.727560909,17
436,1000000,10000,436,6.694204375,17
437,1000000,10000,437,7.107128826,21
438,1000000,10000,438,5.77806776,26
439,1000000,10000,439,2.429775762,19
440,1000000,10000,440,3.618511273,20
441,1000000,10000,441,5.437530743,19
442,1000000,10000,442,5.812981781,19
443,1000000,10000,443,6.747086275,21
444,1000000,10000,444,5.818608184,21
445,1000000,10000,445,5.712780085,21
446,1000000,10000,446,6.540645906,21
447,1000000,10000,447,6.838437789,21
448,1000000,10000,448,6.20155861,21
449,1000000,10000,449,3.365547028,21
450,1000000,10000,450,4.750268849,21
451,1000000,10000,451,3.044497224,19
452,1000000,10000,452,4.536757682,21
453,1000000,10000,453,6.512853736,3
454,1000000,10000,454,5.673378853,21
455,1000000,10000,455,5.247944954,21
456,1000000,10000,456,3.486157409,17
457,1000000,10000,457,5.090442763,21
458,1000000,10000,458,4.323866001,23
459,1000000,10000,459,2.21650502,18
460,1000000,10000,460,5.946648075,23
461,1000000,10000,461,5.343226945,18
462,1000000,10000,462,6.609608388,14
463,1000000,10000,463,5.922466533,18
464,1000000,10000,464,3.438306542,26
465,1000000,10000,465,5.597963701,23
466,1000000,10000,466,3.36294539,26
467,1000000,10000,467,6.675890262,20
468,1000000,10000,468,6.910828584,20
469,1000000,10000,469,5.865590962,26
470,1000000,10000,470,3.462300833,43
471,1000000,10000,471,6.817277789,21
472,1000000,10000,472,7.010429279,20
473,1000000,10000,473,2.211227066,20
474,1000000,10000,474,2.920986436,20
475,1000000,10000,475,2.853368507,21
476,1000000,10000,476,3.974156799,20
477,1000000,10000,477,4.196878692,21
478,1000000,10000,478,3.457489456,21
479,1000000,10000,479,3.978063686,21
480,1000000,10000,480,4.508756403,21
481,1000000,10000,481,3.661091904,21
482,1000000,10000,482,4.069423052,21
483,1000000,10000,483,3.068489757,21
484,1000000,10000,484,5.243968361,21
485,1000000,10000,485,5.872488672,21
486,1000000,10000,486,6.611859512,21
487,1000000,10000,487,2.825842831,21
488,1000000,10000,488,3.998344963,21
489,1000000,10000,489,1.257487524,16
490,1000000,10000,490,5.072180646,41
491,1000000,10000,491,2.489370447,21
492,1000000,10000,492,4.100624635,41
493,1000000,10000,493,6.18519663,14
494,1000000,10000,494,7.052678043,21
495,1000000,10000,495,3.752126585,21
496,1000000,10000,496,2.319839371,21
497,1000000,10000,497,2.945241878,21
498,1000000,10000,498,6.282084992,21
499,1000000,10000,499,4.746507567,21
500,1000000,10000,500,4.783990327,14
501,1000000,10000,501,6.840404443,21
502,1000000,10000,502,6.591183469,17
503,1000000,10000,503,6.326687418,19
504,1000000,10000,504,3.448375976,21
505,1000000,10000,505,3.997389039,13
506,1000000,10000,506,0.945869114,16
507,1000000,10000,507,6.36453929,14
508,1000000,10000,508,2.326069448,19
509,1000000,10000,509,6.810917214,18
510,1000000,10000,510,4.91946795,21
511,1000000,10000,511,6.105203292,14
512,1000000,10000,512,1.368814957,20
513,1000000,10000,513,2.543688137,15
514,1000000,10000,514,6.610437783,15
515,1000000,10000,515,3.86672301,15
516,1000000,10000,516,2.604501962,41
517,1000000,10000,517,7.052440663,19
518,1000000,10000,518,2.317777411,15
519,1000000,10000,519,5.635835235,15
520,1000000,10000,520,4.356678665,31
521,1000000,10000,521,1.952408741,11
522,1000000,10000,522,5.183983388,23
523,1000000,10000,523,2.403522585,18
524,1000000,10000,524,5.687336729,20
525,1000000,10000,525,5.448907014,18
526,1000000,10000,526,6.079396896,18
527,1000000,10000,527,2.289223138,21
528,1000000,10000,528,2.669470763,26
529,1000000,10000,529,3.393981161,41
530,1000000,10000,530,1.609746956,38
531,1000000,10000,531,7.130602524,14
532,1000000,10000,532,3.434383641,21
533,1000000,10000,533,2.901315348,15
534,1000000,10000,534,4.764291977,38
535,1000000,10000,535,2.371992719,15
536,1000000,10000,536,6.157846536,21
537,1000000,10000,537,4.968967575,15
538,1000000,10000,538,4.047501914,15
539,1000000,10000,539,3.226894535,16
540,1000000,10000,540,5.483393977,16
541,1000000,10000,541,2.255274814,23
542,1000000,10000,542,4.511494462,23
543,1000000,10000,543,5.286955824,18
544,1000000,10000,544,2.414900468,26
545,1000000,10000,545,3.05513704,11
546,1000000,10000,546,2.814113683,14
547,1000000,10000,547,7.139224215,21
548,1000000,10000,548,4.4608737,23
549,1000000,10000,549,5.357515708,26
550,1000000,10000,550,5.159501246,41
551,1000000,10000,551,6.495249747,3
552,1000000,10000,552,2.744621355,20
553,1000000,10000,553,4.590402754,0
554,1000000,10000,554,3.141601717,21
555,1000000,10000,555,1.000222363,16
556,1000000,10000,556,5.027739142,21
557,1000000,10000,557,6.280243774,15
558,1000000,10000,558,5.670321859,18
559,1000000,10000,559,4.088626568,26
560,1000000,10000,560,0.859674036,28
561,1000000,10000,561,2.63718786,23
562,1000000,10000,562,4.5912072,19
563,1000000,10000,563,5.991451952,19
564,1000000,10000,564,5.228254957,19
565,1000000,10000,565,1.358009494,19
566,1000000,10000,566,0.833338774,19
567,1000000,10000,567,1.701065363,19
568,1000000,10000,568,1.556636001,19
569,1000000,10000,569,4.03940168,19
570,1000000,10000,570,2.832332317,19
571,1000000,10000,571,5.15011325,19
572,1000000,10000,572,4.616649801,19
573,1000000,10000,573,5.386745241,19
574,1000000,10000,574,5.43866136,19
575,1000000,10000,575,7.048800707,19
576,1000000,10000,576,7.081947647,19
577,1000000,10000,577,6.936979414,19
578,1000000,10000,578,6.405343916,19
579,1000000,10000,579,5.485722243,14
580,1000000,10000,580,6.544604159,19
581,1000000,10000,581,4.443855394,41
582,1000000,10000,582,6.630546013,19
583,1000000,10000,583,3.459820018,41
584,1000000,10000,584,7.006028501,19
585,1000000,10000,585,3.684167895,41
586,1000000,10000,586,3.823066635,41
587,1000000,10000,587,3.74771309,41
588,1000000,10000,588,3.777317219,41
589,1000000,10000,589,4.761427843,41
590,1000000,10000,590,4.281440444,41
591,1000000,10000,591,7.091863343,19
592,1000000,10000,592,6.44042722,19
593,1000000,10000,593,7.122115184,19
594,1000000,10000,594,2.576252616,15
595,1000000,10000,595,1.102156406,15
596,1000000,10000,596,0.282437969,15
597,1000000,10000,597,5.791546641,33
598,1000000,10000,598,5.863183779,33
599,1000000,10000,599,5.850424719,33
600,1000000,10000,600,6.106645642,33
601,1000000,10000,601,7.08389872,41
602,1000000,10000,602,4.846949213,31
603,1000000,10000,603,6.64312044,15
604,1000000,10000,604,6.892815242,15
605,1000000,10000,605,3.060496003,19
606,1000000,10000,606,6.670830682,15
607,1000000,10000,607,5.625470338,15
608,1000000,10000,608,5.850931853,31
609,1000000,10000,609,5.753641334,15
610,1000000,10000,610,4.583035966,15
611,1000000,10000,611,1.290921722,22
612,1000000,10000,612,4.900387495,31
613,1000000,10000,613,5.583456878,14
614,1000000,10000,614,5.55509462,15
615,1000000,10000,615,6.409989136,15
616,1000000,10000,616,6.427206199,14
617,1000000,10000,617,6.784844515,14
618,1000000,10000,618,6.678365529,14
619,1000000,10000,619,4.947809117,14
620,1000000,10000,620,4.442992856,14
621,1000000,10000,621,3.844945968,14
622,1000000,10000,622,4.247763695,14
623,1000000,10000,623,3.071913818,43
624,1000000,10000,624,6.873113281,20
625,1000000,10000,625,3.943951719,14
626,1000000,10000,626,5.077802987,15
627,1000000,10000,627,5.110616644,15
628,1000000,10000,628,6.531917503,15
629,1000000,10000,629,5.813597968,15
630,1000000,10000,630,4.633592385,15
631,1000000,10000,631,5.580362109,15
632,1000000,10000,632,1.428466856,19
633,1000000,10000,633,1.668139866,19
634,1000000,10000,634,1.073146393,19
635,1000000,10000,635,0.830233483,19
636,1000000,10000,636,0.818740555,19
637,1000000,10000,637,0.231667578,19
638,1000000,10000,638,1.788366831,19
639,1000000,10000,639,2.160292601,19
640,1000000,10000,640,1.172069112,19
641,1000000,10000,641,0.769520717,19
642,1000000,10000,642,0.975940174,19
643,1000000,10000,643,2.249374228,19
644,1000000,10000,644,2.509180082,19
645,1000000,10000,645,5.066399344,18
646,1000000,10000,646,5.916270365,19
647,1000000,10000,647,2.604797156,22
648,1000000,10000,648,2.893202542,21
649,1000000,10000,649,3.309918622,20
650,1000000,10000,650,6.655736388,17
651,1000000,10000,651,4.473624037,20
652,1000000,10000,652,5.612823847,3
653,1000000,10000,653,4.284770308,3
654,1000000,10000,654,6.271276543,21
655,1000000,10000,655,6.681751736,41
656,1000000,10000,656,6.955196772,3
657,1000000,10000,657,6.522406736,21
658,1000000,10000,658,4.928330441,3
659,1000000,10000,659,6.685025617,19
660,1000000,10000,660,5.152177299,13
661,1000000,10000,661,5.006809845,13
662,1000000,10000,662,4.707686443,13
663,1000000,10000,663,2.288441439,13
664,1000000,10000,664,4.76771243,19
665,1000000,10000,665,4.799742119,19
666,1000000,10000,666,4.687439377,19
667,1000000,10000,667,4.462814281,19
668,1000000,10000,668,3.60092924,19
669,1000000,10000,669,3.992679703,19
670,1000000,10000,670,4.009821502,19
671,1000000,10000,671,3.703802189,19
672,1000000,10000,672,2.571353946,19
673,1000000,10000,673,4.04497165,19
674,1000000,10000,674,3.732999255,19
675,1000000,10000,675,3.157143482,19
676,1000000,10000,676,5.390569245,19
677,1000000,10000,677,5.792872199,19
678,1000000,10000,678,6.568200641,19
679,1000000,10000,679,5.493678164,19
680,1000000,10000,680,5.219080894,19
681,1000000,10000,681,6.902210419,21
682,1000000,10000,682,7.114060299,21
683,1000000,10000,683,3.861886479,1
684,1000000,10000,684,4.112660644,41
685,1000000,10000,685,7.052519381,19
686,1000000,10000,686,5.137657004,15
687,1000000,10000,687,6.513748774,15
688,1000000,10000,688,1.694336828,15
689,1000000,10000,689,3.518640945,15
690,1000000,10000,690,1.619527326,15
691,1000000,10000,691,6.982189632,19
692,1000000,10000,692,3.920918467,14
693,1000000,10000,693,4.980948344,14
694,1000000,10000,694,3.23932525,14
695,1000000,10000,695,6.758874421,39
696,1000000,10000,696,5.66286609,41
697,1000000,10000,697,5.357979227,21
698,1000000,10000,698,5.019151103,21
699,1000000,10000,699,6.583407918,18
700,1000000,10000,700,6.029775794,21
701,1000000,10000,701,2.468417657,31
702,1000000,10000,702,3.279752001,23
703,1000000,10000,703,1.019002499,16
704,1000000,10000,704,2.867620961,15
705,1000000,10000,705,2.628352228,21
706,1000000,10000,706,6.756318532,21
707,1000000,10000,707,6.325363702,39
708,1000000,10000,708,5.455027929,31
709,1000000,10000,709,6.244574458,41
710,1000000,10000,710,6.286798997,21
711,1000000,10000,711,6.070440912,22
712,1000000,10000,712,5.946403932,21
713,1000000,10000,713,6.668400542,21
714,1000000,10000,714,5.164959351,21
715,1000000,10000,715,5.024587075,21
716,1000000,10000,716,5.126637115,21
717,1000000,10000,717,5.467586725,21
718,1000000,10000,718,4.832108837,21
719,1000000,10000,719,5.354353379,21
720,1000000,10000,720,5.387370538,21
721,1000000,10000,721,4.929339894,21
722,1000000,10000,722,4.876498486,26
723,1000000,10000,723,3.757569397,26
724,1000000,10000,724,6.935007485,17
725,1000000,10000,725,5.527945659,20
726,1000000,10000,726,5.320343337,20
727,1000000,10000,727,5.894506385,20
728,1000000,10000,728,5.831269731,20
729,1000000,10000,729,6.945223205,21
730,1000000,10000,730,7.031490781,19
731,1000000,10000,731,5.949552724,20
732,1000000,10000,732,6.683490325,20
733,1000000,10000,733,6.578211252,20
734,1000000,10000,734,6.336764234,20
735,1000000,10000,735,5.275090597,21
736,1000000,10000,736,6.970630992,19
737,1000000,10000,737,6.216537791,19
738,1000000,10000,738,3.272694905,41
739,1000000,10000,739,4.96771986,21
740,1000000,10000,740,4.919965503,21
741,1000000,10000,741,4.670123847,21
742,1000000,10000,742,3.699668349,21
743,1000000,10000,743,2.567079481,13
744,1000000,10000,744,1.602372593,19
745,1000000,10000,745,1.676473565,16
746,1000000,10000,746,0.315409226,16
747,1000000,10000,747,1.039110781,16
748,1000000,10000,748,0.549452905,16
749,1000000,10000,749,0.554422024,16
750,1000000,10000,750,3.580978778,11
751,1000000,10000,751,2.713360574,11
752,1000000,10000,752,3.463515257,18
753,1000000,10000,753,6.163867926,18
754,1000000,10000,754,4.039580089,18
755,1000000,10000,755,4.51199208,18
756,1000000,10000,756,7.045462095,21
757,1000000,10000,757,6.260168294,21
758,1000000,10000,758,6.292493205,21
759,1000000,10000,759,7.046624815,17
760,1000000,10000,760,7.021815196,17
761,1000000,10000,761,7.034233152,17
762,1000000,10000,762,7.012994513,21
763,1000000,10000,763,6.366940369,17
764,1000000,10000,764,6.218256355,20
765,1000000,10000,765,5.782132403,41
766,1000000,10000,766,6.9463961,39
767,1000000,10000,767,6.474443289,39
768,1000000,10000,768,6.528783662,39
769,1000000,10000,769,6.402492984,39
770,1000000,10000,770,6.802172668,14
771,1000000,10000,771,7.074354446,14
772,1000000,10000,772,6.78298438,39
773,1000000,10000,773,6.649003703,39
774,1000000,10000,774,6.572446562,21
775,1000000,10000,775,5.606498334,21
776,1000000,10000,776,5.446059425,21
777,1000000,10000,777,1.276362667,16
778,1000000,10000,778,3.281826272,23
779,1000000,10000,779,5.889454694,23
780,1000000,10000,780,4.734320545,18
781,1000000,10000,781,2.217292366,14
782,1000000,10000,782,2.330284094,14
783,1000000,10000,783,5.012811892,14
784,1000000,10000,784,4.258731583,23
785,1000000,10000,785,7.100930597,18
786,1000000,10000,786,4.052730923,23
787,1000000,10000,787,4.145621402,23
788,1000000,10000,788,4.832697287,23
789,1000000,10000,789,4.45572825,23
790,1000000,10000,790,6.283713894,14
791,1000000,10000,791,6.699132262,16
792,1000000,10000,792,7.099636008,14
793,1000000,10000,793,6.563515681,14
794,1000000,10000,794,6.977308496,14
795,1000000,10000,795,0.826516172,14
796,1000000,10000,796,2.518383223,14
797,1000000,10000,797,2.652590974,14
798,1000000,10000,798,3.03297464,14
799,1000000,10000,799,3.212682515,14
800,1000000,10000,800,3.837967636,14
801,1000000,10000,801,5.549153793,23
802,1000000,10000,802,4.703527741,23
803,1000000,10000,803,2.91279399,18
804,1000000,10000,804,2.05291418,18
805,1000000,10000,805,6.889640635,23
806,1000000,10000,806,6.059406673,14
807,1000000,10000,807,4.227639503,14
808,1000000,10000,808,2.564342117,14
809,1000000,10000,809,0.528977787,14
810,1000000,10000,810,5.802545354,14
811,1000000,10000,811,1.353135607,16
812,1000000,10000,812,3.13063423,16
813,1000000,10000,813,1.78822227,16
814,1000000,10000,814,1.900243393,16
815,1000000,10000,815,2.06671494,16
816,1000000,10000,816,2.560187969,16
817,1000000,10000,817,6.402489789,33
818,1000000,10000,818,5.504628666,16
819,1000000,10000,819,5.150135011,16
820,1000000,10000,820,6.461017323,41
821,1000000,10000,821,7.139949919,41
822,1000000,10000,822,6.630098259,41
823,1000000,10000,823,6.5971313,41
824,1000000,10000,824,5.856335064,41
825,1000000,10000,825,6.10229629,41
826,1000000,10000,826,6.977929919,14
827,1000000,10000,827,6.746812933,41
828,1000000,10000,828,7.040341301,19
829,1000000,10000,829,6.150379404,19
830,1000000,10000,830,6.243316096,19
831,1000000,10000,831,6.05041849,19
832,1000000,10000,832,4.759020534,21
833,1000000,10000,833,6.152431056,21
834,1000000,10000,834,2.70748712,19
835,1000000,10000,835,6.556739963,21
836,1000000,10000,836,5.063760582,14
837,1000000,10000,837,5.136591865,15
838,1000000,10000,838,2.504831911,41
839,1000000,10000,839,5.632139646,41
840,1000000,10000,840,5.668399587,41
841,1000000,10000,841,5.69827919,14
842,1000000,10000,842,6.547606799,14
843,1000000,10000,843,4.490020963,41
844,1000000,10000,844,6.002635958,21
845,1000000,10000,845,6.623170332,39
846,1000000,10000,846,5.71056372,41
847,1000000,10000,847,0.787992523,13
848,1000000,10000,848,2.870773159,21
849,1000000,10000,849,2.102764977,21
850,1000000,10000,850,2.283778252,21
851,1000000,10000,851,5.669190045,21
852,1000000,10000,852,6.689357591,19
853,1000000,10000,853,6.804083057,21
854,1000000,10000,854,6.392437955,3
855,1000000,10000,855,3.772246435,13
856,1000000,10000,856,3.539647374,15
857,1000000,10000,857,4.265661789,19
858,1000000,10000,858,2.717049069,15
859,1000000,10000,859,1.697196791,15
860,1000000,10000,860,3.356725294,31
861,1000000,10000,861,3.47249316,21
862,1000000,10000,862,4.186617123,21
863,1000000,10000,863,2.116995639,21
864,1000000,10000,864,1.768906048,21
865,1000000,10000,865,3.31406963,21
866,1000000,10000,866,2.666192627,21
867,1000000,10000,867,2.844128272,15
868,1000000,10000,868,6.665318538,14
869,1000000,10000,869,6.172967077,33
870,1000000,10000,870,6.575884228,15
871,1000000,10000,871,1.443914331,19
872,1000000,10000,872,3.188803842,31
873,1000000,10000,873,1.148958631,31
874,1000000,10000,874,4.811475315,15
875,1000000,10000,875,4.805808035,14
876,1000000,10000,876,4.986123459,41
877,1000000,10000,877,6.728766382,39
878,1000000,10000,878,6.852940506,17
879,1000000,10000,879,5.874081944,21
880,1000000,10000,880,6.199646203,21
881,1000000,10000,881,6.083809411,21
882,1000000,10000,882,5.223586954,21
883,1000000,10000,883,5.364626596,21
884,1000000,10000,884,5.204137526,21
885,1000000,10000,885,5.481501305,21
886,1000000,10000,886,5.90182105,21
887,1000000,10000,887,6.670711218,17
888,1000000,10000,888,6.030262233,39
889,1000000,10000,889,6.067072008,39
890,1000000,10000,890,6.91712926,17
891,1000000,10000,891,6.260005007,39
892,1000000,10000,892,6.810781046,21
893,1000000,10000,893,6.780907562,26
894,1000000,10000,894,2.869177315,41
895,1000000,10000,895,7.041392414,17
896,1000000,10000,896,7.019656053,17
897,1000000,10000,897,7.078628373,41
898,1000000,10000,898,7.082323851,41
899,1000000,10000,899,2.275726785,21
900,1000000,10000,900,2.361226218,21
901,1000000,10000,901,2.567793188,21
902,1000000,10000,902,3.795813481,26
903,1000000,10000,903,3.302898812,26
904,1000000,10000,904,3.141970927,26
905,1000000,10000,905,3.990823346,26
906,1000000,10000,906,4.266721108,26
907,1000000,10000,907,5.046226649,3
908,1000000,10000,908,3.018834267,21
909,1000000,10000,909,3.738106877,21
910,1000000,10000,910,3.993858625,21
911,1000000,10000,911,3.310913612,21
912,1000000,10000,912,5.274844933,21
913,1000000,10000,913,7.089087877,23
914,1000000,10000,914,7.151665915,30
915,1000000,10000,915,6.531162123,17
916,1000000,10000,916,7.018197143,17
917,1000000,10000,917,6.653884278,17
918,1000000,10000,918,7.115078843,17
919,1000000,10000,919,7.01855749,21
920,1000000,10000,920,6.718650929,21
921,1000000,10000,921,5.858906368,39
922,1000000,10000,922,7.1052918,14
923,1000000,10000,923,7.1455346,14
924,1000000,10000,924,7.076467924,14
925,1000000,10000,925,6.905869558,41
926,1000000,10000,926,6.78604401,14
927,1000000,10000,927,5.826401309,39
928,1000000,10000,928,6.028068125,39
929,1000000,10000,929,7.005733891,26
930,1000000,10000,930,4.697008635,15
931,1000000,10000,931,7.067202672,14
932,1000000,10000,932,6.640215082,26
933,1000000,10000,933,6.913580968,26
934,1000000,10000,934,7.071989243,39
935,1000000,10000,935,5.519428423,14
936,1000000,10000,936,7.00511668,14
937,1000000,10000,937,6.978986113,14
938,1000000,10000,938,7.049029255,39
939,1000000,10000,939,5.787507918,14
940,1000000,10000,940,5.767911766,14
941,1000000,10000,941,6.66846811,14
942,1000000,10000,942,6.322235362,14
943,1000000,10000,943,6.305216194,14
944,1000000,10000,944,6.905453691,14
945,1000000,10000,945,6.218090952,14
946,1000000,10000,946,4.827606815,26
947,1000000,10000,947,6.147982152,26
948,1000000,10000,948,6.548452636,26
949,1000000,10000,949,6.176953021,14
950,1000000,10000,950,6.938109451,14
951,1000000,10000,951,6.663909776,14
952,1000000,10000,952,6.290805196,14
953,1000000,10000,953,6.946751421,14
954,1000000,10000,954,4.940069481,14
955,1000000,10000,955,5.548384558,14
956,1000000,10000,956,6.063742009,14
957,1000000,10000,957,6.689714324,14
958,1000000,10000,958,6.061995274,14
959,1000000,10000,959,6.116685518,14
960,1000000,10000,960,6.527213299,14
961,1000000,10000,961,6.401469419,14
962,1000000,10000,962,6.787751469,14
963,1000000,10000,963,6.501532537,14
964,1000000,10000,964,6.968306117,14
965,1000000,10000,965,6.606346986,14
966,1000000,10000,966,5.925135658,41
967,1000000,10000,967,6.452265959,14
968,1000000,10000,968,6.629459623,14
969,1000000,10000,969,6.576977323,41
970,1000000,10000,970,6.892186514,41
971,1000000,10000,971,6.98539045,14
972,1000000,10000,972,6.448345478,41
973,1000000,10000,973,6.154863618,41
974,1000000,10000,974,6.180428983,41
975,1000000,10000,975,6.83797239,14
976,1000000,10000,976,6.971061452,14
977,1000000,10000,977,6.354302107,41
978,1000000,10000,978,6.205266538,21
979,1000000,10000,979,6.818989307,41
980,1000000,10000,980,5.683171758,41
981,1000000,10000,981,5.232144445,41
982,1000000,10000,982,6.108391288,19
983,1000000,10000,983,6.454192056,20
984,1000000,10000,984,7.096585565,19
985,1000000,10000,985,5.02371378,22
986,1000000,10000,986,6.562350234,23
987,1000000,10000,987,2.336535259,22
988,1000000,10000,988,6.750215124,21
989,1000000,10000,989,6.116719583,23
990,1000000,10000,990,0.68458571,21
991,1000000,10000,991,3.897634723,32
992,1000000,10000,992,4.518537228,19
993,1000000,10000,993,2.263171267,26
994,1000000,10000,994,3.704607881,18
995,1000000,10000,995,3.189161836,19
996,1000000,10000,996,5.877000052,23
997,1000000,10000,997,4.18134664,23
998,1000000,10000,998,2.153199453,23
999,1000000,10000,999,3.735929297,23
1000,1000000,10000,1000,3.547477171,23
1001,1000000,10000,1001,3.830105205,23
1002,1000000,10000,1002,5.44901274,23
1003,1000000,10000,1003,3.648967096,23
1004,1000000,10000,1004,2.837175535,23
1005,1000000,10000,1005,2.925616787,23
1006,1000000,10000,1006,2.998273471,23
1007,1000000,10000,1007,6.982278525,14
1008,1000000,10000,1008,7.013722332,20
1009,1000000,10000,1009,6.893732002,14
1010,1000000,10000,1010,6.219288305,41
1011,1000000,10000,1011,6.083050357,41
1012,1000000,10000,1012,6.02090425,41
1013,1000000,10000,1013,6.454141632,41
1014,1000000,10000,1014,6.131878371,41
1015,1000000,10000,1015,6.783555829,41
1016,1000000,10000,1016,5.673069614,41
1017,1000000,10000,1017,5.322365187,41
1018,1000000,10000,1018,4.774701999,41
1019,1000000,10000,1019,6.074149443,41
1020,1000000,10000,1020,5.530257171,41
1021,1000000,10000,1021,5.635819602,41
1022,1000000,10000,1022,5.277299855,41
1023,1000000,10000,1023,5.404229628,41
1024,1000000,10000,1024,3.571183659,38
1025,1000000,10000,1025,6.467067929,41
1026,1000000,10000,1026,4.589687725,21
1027,1000000,10000,1027,5.203169312,21
1028,1000000,10000,1028,5.895231041,21
1029,1000000,10000,1029,4.920097142,21
1030,1000000,10000,1030,4.113513938,19
1031,1000000,10000,1031,1.446176806,16
1032,1000000,10000,1032,3.015775101,23
1033,1000000,10000,1033,7.015291355,14
1034,1000000,10000,1034,7.140380823,18
1035,1000000,10000,1035,5.932218223,18
1036,1000000,10000,1036,1.949261269,20
1037,1000000,10000,1037,3.265098307,20
1038,1000000,10000,1038,7.037297968,41
1039,1000000,10000,1039,7.124664847,14
1040,1000000,10000,1040,6.048373888,20
1041,1000000,10000,1041,6.670239494,19
1042,1000000,10000,1042,6.923959643,21
1043,1000000,10000,1043,2.173794417,21
1044,1000000,10000,1044,4.910299121,21
1045,1000000,10000,1045,7.0324752,23
1046,1000000,10000,1046,6.764598356,18
1047,1000000,10000,1047,5.545273429,43
1048,1000000,10000,1048,2.751603133,20
1049,1000000,10000,1049,4.515842036,41
1050,1000000,10000,1050,3.252006777,31
1051,1000000,10000,1051,6.782740789,21
1052,1000000,10000,1052,5.795103008,21
1053,1000000,10000,1053,5.945013669,21
1054,1000000,10000,1054,3.476541551,15
1055,1000000,10000,1055,1.789058744,19
1056,1000000,10000,1056,3.326918452,18
1057,1000000,10000,1057,3.803243621,14
1058,1000000,10000,1058,2.403365503,18
1059,1000000,10000,1059,7.148741012,20
1060,1000000,10000,1060,6.024530117,21
1061,1000000,10000,1061,3.296644115,19
1062,1000000,10000,1062,3.145598922,26
1063,1000000,10000,1063,5.359724056,14
1064,1000000,10000,1064,4.983863169,21
1065,1000000,10000,1065,4.827365284,13
1066,1000000,10000,1066,6.600866832,19
1067,1000000,10000,1067,5.257449488,41
1068,1000000,10000,1068,1.961527305,15
1069,1000000,10000,1069,6.308080729,21
1070,1000000,10000,1070,4.74000478,21
1071,1000000,10000,1071,5.126184064,21
1072,1000000,10000,1072,4.989199902,21
1073,1000000,10000,1073,4.768830126,21
1074,1000000,10000,1074,6.199371731,19
1075,1000000,10000,1075,6.870182184,19
1076,1000000,10000,1076,6.633880288,19
1077,1000000,10000,1077,6.157964275,14
1078,1000000,10000,1078,1.436154732,23
1079,1000000,10000,1079,5.666091564,26
1080,1000000,10000,1080,1.82530706,43
1081,1000000,10000,1081,4.196617285,19
1082,1000000,10000,1082,2.995672186,21
1083,1000000,10000,1083,7.060435354,21
1084,1000000,10000,1084,1.794439477,22
1085,1000000,10000,1085,6.192203141,39
1086,1000000,10000,1086,2.51300367,23
1087,1000000,10000,1087,6.352441589,26
1088,1000000,10000,1088,6.334387323,32
1089,1000000,10000,1089,4.676573126,22
1090,1000000,10000,1090,0.974578174,22
1091,1000000,10000,1091,3.819897543,22
1092,1000000,10000,1092,5.684082589,20
1093,1000000,10000,1093,4.618961239,20
1094,1000000,10000,1094,3.852598656,11
1095,1000000,10000,1095,4.13963415,21
1096,1000000,10000,1096,3.982587308,21
1097,1000000,10000,1097,6.936071934,20
1098,1000000,10000,1098,6.518062524,43
1099,1000000,10000,1099,4.161497597,21
1100,1500000,10000,0,5.950809777,20
1101,1500000,10000,1,3.164102083,1
1102,1500000,10000,2,5.990001647,10
1103,1500000,10000,3,1.962165016,27
1104,1500000,10000,4,5.864984462,46
1105,1500000,10000,5,7.088814784,5
1106,1500000,10000,6,4.300291192,28
1107,1500000,10000,7,7.100371558,2
1108,1500000,10000,8,5.403572736,18
1109,1500000,10000,9,5.079593943,41
1110,1500000,10000,10,5.992661659,10
1111,1500000,10000,11,3.719820733,10
1112,1500000,10000,12,4.83226121,2
1113,1500000,10000,13,5.280387636,27
1114,1500000,10000,14,5.899351268,4
1115,1500000,10000,15,7.016265958,44
1116,1500000,10000,16,6.790695,5
1117,1500000,10000,17,1.706657669,1
1118,1500000,10000,18,5.511766006,4
1119,1500000,10000,19,5.155664715,2
1120,1500000,10000,20,5.315806738,4
1121,1500000,10000,21,6.095080708,5
1122,1500000,10000,22,6.61452723,45
1123,1500000,10000,23,2.409945636,10
1124,1500000,10000,24,5.858381879,45
1125,1500000,10000,25,6.748638046,5
1126,1500000,10000,26,5.451279074,3
1127,1500000,10000,27,1.622246026,17
1128,1500000,10000,28,5.940538207,5
1129,1500000,10000,29,2.127688793,10
1130,1500000,10000,30,3.757291349,8
1131,1500000,10000,31,4.975389769,1
1132,1500000,10000,32,6.616597386,10
1133,1500000,10000,33,2.596121724,27
1134,1500000,10000,34,6.216127288,5
1135,1500000,10000,35,5.410623278,41
1136,1500000,10000,36,4.94533878,40
1137,1500000,10000,37,5.582755882,21
1138,1500000,10000,38,2.147904367,9
1139,1500000,10000,39,3.203927097,9
1140,1500000,10000,40,6.147941805,21
1141,1500000,10000,41,4.47615822,21
1142,1500000,10000,42,4.915929858,21
1143,1500000,10000,43,6.884230988,10
1144,1500000,10000,44,5.444388063,24
1145,1500000,10000,45,5.424154173,2
1146,1500000,10000,46,2.801176856,45
1147,1500000,10000,47,5.966697265,39
1148,1500000,10000,48,1.812870341,1
1149,1500000,10000,49,7.060281629,15
1150,1500000,10000,50,6.926403445,9
1151,1500000,10000,51,1.862150082,29
1152,1500000,10000,52,5.882371157,1
1153,1500000,10000,53,6.368096949,36
1154,1500000,10000,54,7.001836085,34
1155,1500000,10000,55,4.161975513,13
1156,1500000,10000,56,6.676059712,12
1157,1500000,10000,57,1.559317672,10
1158,1500000,10000,58,4.894986892,4
1159,1500000,10000,59,6.599171004,8
1160,1500000,10000,60,5.024692527,4
1161,1500000,10000,61,5.015529132,19
1162,1500000,10000,62,4.513174437,2
1163,1500000,10000,63,4.63192619,41
1164,1500000,10000,64,5.950999864,9
1165,1500000,10000,65,7.008310736,6
1166,1500000,10000,66,4.386272636,39
1167,1500000,10000,67,6.318316264,34
1168,1500000,10000,68,3.509419174,1
1169,1500000,10000,69,6.555740434,17
1170,1500000,10000,70,6.985606442,27
1171,1500000,10000,71,6.717610688,27
1172,1500000,10000,72,3.928982737,2
1173,1500000,10000,73,2.463215557,21
1174,1500000,10000,74,4.425780319,17
1175,1500000,10000,75,1.690688828,3
1176,1500000,10000,76,5.763503724,46
1177,1500000,10000,77,2.76989602,28
1178,1500000,10000,78,2.528246072,8
1179,1500000,10000,79,3.990180753,5
1180,1500000,10000,80,5.8332718,19
1181,1500000,10000,81,5.452382546,21
1182,1500000,10000,82,4.728690031,39
1183,1500000,10000,83,2.690334779,41
1184,1500000,10000,84,5.686034155,12
1185,1500000,10000,85,5.85764101,19
1186,1500000,10000,86,7.046795148,35
1187,1500000,10000,87,5.250690532,1
1188,1500000,10000,88,5.207631039,44
1189,1500000,10000,89,2.778472221,9
1190,1500000,10000,90,0.490652864,41
1191,1500000,10000,91,2.912677944,9
1192,1500000,10000,92,1.164379269,9
1193,1500000,10000,93,5.903193657,35
1194,1500000,10000,94,7.049294668,10
1195,1500000,10000,95,6.663966584,17
1196,1500000,10000,96,3.713569258,5
1197,1500000,10000,97,2.967349352,1
1198,1500000,10000,98,7.079771118,24
1199,1500000,10000,99,5.350713985,41
1200,1500000,10000,100,7.003231941,42
1201,1500000,10000,101,5.994302933,15
1202,1500000,10000,102,3.522826105,25
1203,1500000,10000,103,2.427081678,5
1204,1500000,10000,104,6.859457803,24
1205,1500000,10000,105,2.649369627,18
1206,1500000,10000,106,4.982765362,20
1207,1500000,10000,107,1.696776141,27
1208,1500000,10000,108,4.446898797,46
1209,1500000,10000,109,2.180428496,27
1210,1500000,10000,110,5.589390354,20
1211,1500000,10000,111,6.741236976,15
1212,1500000,10000,112,6.534704423,33
1213,1500000,10000,113,7.078685416,21
1214,1500000,10000,114,4.290761336,36
1215,1500000,10000,115,2.98615691,46
1216,1500000,10000,116,6.85988952,46
1217,1500000,10000,117,5.966505778,14
1218,1500000,10000,118,6.612908022,46
1219,1500000,10000,119,5.752765887,14
1220,1500000,10000,120,6.330600967,2
1221,1500000,10000,121,4.22006362,10
1222,1500000,10000,122,3.220430033,40
1223,1500000,10000,123,6.769954329,18
1224,1500000,10000,124,6.872410109,15
1225,1500000,10000,125,6.905173126,1
1226,1500000,10000,126,4.254087276,4
1227,1500000,10000,127,6.201919221,20
1228,1500000,10000,128,3.69526653,5
1229,1500000,10000,129,6.351577672,12
1230,1500000,10000,130,1.278706733,43
1231,1500000,10000,131,5.837781674,24
1232,1500000,10000,132,5.168699693,22
1233,1500000,10000,133,7.134819806,6
1234,1500000,10000,134,6.982857759,4
1235,1500000,10000,135,3.707119647,22
1236,1500000,10000,136,5.336572496,32
1237,1500000,10000,137,3.571529558,32
1238,1500000,10000,138,5.124645986,1
1239,1500000,10000,139,4.842168728,8
1240,1500000,10000,140,6.721041685,10
1241,1500000,10000,141,6.998953838,2
1242,1500000,10000,142,0.633534169,16
1243,1500000,10000,143,3.894165351,9
1244,1500000,10000,144,4.070236284,40
1245,1500000,10000,145,6.456947229,26
1246,1500000,10000,146,5.968441576,14
1247,1500000,10000,147,5.840461652,14
1248,1500000,10000,148,6.495960519,7
1249,1500000,10000,149,4.377462022,22
1250,1500000,10000,150,1.580194178,7
1251,1500000,10000,151,0.800018858,7
1252,1500000,10000,152,6.999512516,26
1253,1500000,10000,153,4.195361561,18
1254,1500000,10000,154,4.548744015,18
1255,1500000,10000,155,3.594487559,7
1256,1500000,10000,156,4.991638735,18
1257,1500000,10000,157,6.119547109,18
1258,1500000,10000,158,6.262676371,14
1259,1500000,10000,159,4.655003566,29
1260,1500000,10000,160,6.588673681,1
1261,1500000,10000,161,6.10130236,20
1262,1500000,10000,162,2.036226747,40
1263,1500000,10000,163,5.05105641,14
1264,1500000,10000,164,3.508268793,14
1265,1500000,10000,165,2.021143796,29
1266,1500000,10000,166,2.90317109,46
1267,1500000,10000,167,4.306656298,0
1268,1500000,10000,168,4.60015573,0
1269,1500000,10000,169,3.623219206,0
1270,1500000,10000,170,6.765815695,35
1271,1500000,10000,171,2.522830427,0
1272,1500000,10000,172,3.278801323,0
1273,1500000,10000,173,4.580836441,12
1274,1500000,10000,174,5.147587177,39
1275,1500000,10000,175,4.191744538,2
1276,1500000,10000,176,6.855393884,46
1277,1500000,10000,177,4.343497398,10
1278,1500000,10000,178,6.913820248,10
1279,1500000,10000,179,6.029747401,4
1280,1500000,10000,180,1.229108672,24
1281,1500000,10000,181,4.749691239,26
1282,1500000,10000,182,4.97119963,26
1283,1500000,10000,183,2.857123888,0
1284,1500000,10000,184,2.916397435,24
1285,1500000,10000,185,5.820787038,3
1286,1500000,10000,186,3.582363853,12
1287,1500000,10000,187,5.853351244,39
1288,1500000,10000,188,5.426923975,9
1289,1500000,10000,189,3.516858377,12
1290,1500000,10000,190,3.607076143,12
1291,1500000,10000,191,1.810750135,44
1292,1500000,10000,192,7.079477523,4
1293,1500000,10000,193,4.44846989,7
1294,1500000,10000,194,6.183560514,9
1295,1500000,10000,195,6.563085621,39
1296,1500000,10000,196,1.923972723,46
1297,1500000,10000,197,5.241116755,25
1298,1500000,10000,198,2.114200312,46
1299,1500000,10000,199,5.862457098,41
1300,1500000,10000,200,5.734702621,41
1301,1500000,10000,201,6.663053166,33
1302,1500000,10000,202,3.878083261,7
1303,1500000,10000,203,3.550320815,7
1304,1500000,10000,204,0.87652131,32
1305,1500000,10000,205,4.631774802,7
1306,1500000,10000,206,6.895028041,7
1307,1500000,10000,207,6.955243044,41
1308,1500000,10000,208,7.101866333,9
1309,1500000,10000,209,7.034280778,9
1310,1500000,10000,210,5.105678754,25
1311,1500000,10000,211,1.87208846,46
1312,1500000,10000,212,5.862591675,4
1313,1500000,10000,213,6.303016241,23
1314,1500000,10000,214,6.451924978,5
1315,1500000,10000,215,3.599185612,8
1316,1500000,10000,216,6.002849095,17
1317,1500000,10000,217,6.225713287,46
1318,1500000,10000,218,7.053876371,4
1319,1500000,10000,219,6.684009419,2
1320,1500000,10000,220,6.164280597,2
1321,1500000,10000,221,6.510548198,6
1322,1500000,10000,222,6.266865791,12
1323,1500000,10000,223,6.954565907,15
1324,1500000,10000,224,6.073784587,15
1325,1500000,10000,225,2.704114572,9
1326,1500000,10000,226,6.350997469,46
1327,1500000,10000,227,6.439964533,10
1328,1500000,10000,228,4.451944294,17
1329,1500000,10000,229,5.618827749,2
1330,1500000,10000,230,2.528355886,5
1331,1500000,10000,231,5.581086491,45
1332,1500000,10000,232,5.952935572,36
1333,1500000,10000,233,6.231451003,3
1334,1500000,10000,234,5.635129773,3
1335,1500000,10000,235,5.517324057,4
1336,1500000,10000,236,5.280250256,3
1337,1500000,10000,237,5.439090672,45
1338,1500000,10000,238,1.796749034,21
1339,1500000,10000,239,5.489253307,4
1340,1500000,10000,240,4.146417194,10
1341,1500000,10000,241,6.366634924,39
1342,1500000,10000,242,1.583271844,4
1343,1500000,10000,243,4.848103991,42
1344,1500000,10000,244,2.042839233,10
1345,1500000,10000,245,1.723041092,17
1346,1500000,10000,246,4.65419627,3
1347,1500000,10000,247,1.879199659,8
1348,1500000,10000,248,4.604847945,5
1349,1500000,10000,249,4.585635994,45
1350,1500000,10000,250,4.433281138,45
1351,1500000,10000,251,2.559103836,8
1352,1500000,10000,252,0.784856888,2
1353,1500000,10000,253,1.721363886,29
1354,1500000,10000,254,4.338544616,4
1355,1500000,10000,255,1.073540615,21
1356,1500000,10000,256,1.709578403,21
1357,1500000,10000,257,1.145261479,21
1358,1500000,10000,258,3.950805599,21
1359,1500000,10000,259,5.722173275,1
1360,1500000,10000,260,4.280182996,10
1361,1500000,10000,261,7.023564957,45
1362,1500000,10000,262,3.433178887,42
1363,1500000,10000,263,3.892768527,3
1364,1500000,10000,264,5.452417841,5
1365,1500000,10000,265,4.818012203,27
1366,1500000,10000,266,6.440477347,27
1367,1500000,10000,267,6.873304321,1
1368,1500000,10000,268,4.678444323,24
1369,1500000,10000,269,6.907164559,20
1370,1500000,10000,270,2.724135602,21
1371,1500000,10000,271,6.197555279,31
1372,1500000,10000,272,3.663618919,2
1373,1500000,10000,273,6.159172068,27
1374,1500000,10000,274,3.866114079,41
1375,1500000,10000,275,2.481829981,8
1376,1500000,10000,276,0.551184778,5
1377,1500000,10000,277,3.760600847,1
1378,1500000,10000,278,3.171100725,40
1379,1500000,10000,279,6.201739925,18
1380,1500000,10000,280,4.266036315,18
1381,1500000,10000,281,2.165809939,35
1382,1500000,10000,282,3.708162801,27
1383,1500000,10000,283,2.549308606,38
1384,1500000,10000,284,6.878724483,3
1385,1500000,10000,285,4.134207262,8
1386,1500000,10000,286,4.499002021,21
1387,1500000,10000,287,3.793541826,45
1388,1500000,10000,288,4.247304212,8
1389,1500000,10000,289,5.836281442,26
1390,1500000,10000,290,6.19047994,1
1391,1500000,10000,291,2.911195801,27
1392,1500000,10000,292,5.012803965,3
1393,1500000,10000,293,4.899958472,21
1394,1500000,10000,294,6.852331315,20
1395,1500000,10000,295,5.068544404,40
1396,1500000,10000,296,3.35296642,35
1397,1500000,10000,297,6.432156073,0
1398,1500000,10000,298,6.671905219,0
1399,1500000,10000,299,3.995439761,0
1400,1500000,10000,300,1.680574718,7
1401,1500000,10000,301,6.531035053,20
1402,1500000,10000,302,6.264361501,35
1403,1500000,10000,303,6.13495579,23
1404,1500000,10000,304,3.706991802,24
1405,1500000,10000,305,4.298934599,0
1406,1500000,10000,306,3.15340135,24
1407,1500000,10000,307,0.45290384,26
1408,1500000,10000,308,4.903922794,23
1409,1500000,10000,309,4.973965644,0
1410,1500000,10000,310,4.685226102,0
1411,1500000,10000,311,5.647480814,35
1412,1500000,10000,312,4.176020029,35
1413,1500000,10000,313,6.027889161,2
1414,1500000,10000,314,5.703483861,4
1415,1500000,10000,315,4.22841435,0
1416,1500000,10000,316,5.258665597,35
1417,1500000,10000,317,6.493072826,23
1418,1500000,10000,318,3.161408074,0
1419,1500000,10000,319,1.643755092,26
1420,1500000,10000,320,5.907325715,29
1421,1500000,10000,321,5.31182236,40
1422,1500000,10000,322,6.262415491,14
1423,1500000,10000,323,6.060322748,26
1424,1500000,10000,324,4.88074382,10
1425,1500000,10000,325,6.833139734,35
1426,1500000,10000,326,5.752359776,12
1427,1500000,10000,327,5.373587869,1
1428,1500000,10000,328,4.659368042,1
1429,1500000,10000,329,6.97345006,17
1430,1500000,10000,330,6.155952725,1
1431,1500000,10000,331,1.753170756,7
1432,1500000,10000,332,4.223785756,38
1433,1500000,10000,333,5.149485783,10
1434,1500000,10000,334,1.713383106,3
1435,1500000,10000,335,3.942259643,7
1436,1500000,10000,336,4.453257086,7
1437,1500000,10000,337,3.969463712,3
1438,1500000,10000,338,3.776102488,16
1439,1500000,10000,339,4.018827138,3
1440,1500000,10000,340,3.852820469,16
1441,1500000,10000,341,6.894426557,2
1442,1500000,10000,342,3.616847398,3
1443,1500000,10000,343,4.018138159,2
1444,1500000,10000,344,6.824558922,26
1445,1500000,10000,345,6.552820438,14
1446,1500000,10000,346,6.353454606,9
1447,1500000,10000,347,3.544688374,1
1448,1500000,10000,348,5.41438128,12
1449,1500000,10000,349,3.958634605,9
1450,1500000,10000,350,6.409273318,9
1451,1500000,10000,351,3.487525593,2
1452,1500000,10000,352,4.411329803,32
1453,1500000,10000,353,3.546774415,39
1454,1500000,10000,354,6.743016116,5
1455,1500000,10000,355,6.38206493,35
1456,1500000,10000,356,3.242119351,5
1457,1500000,10000,357,3.663293813,2
1458,1500000,10000,358,3.012616348,13
1459,1500000,10000,359,6.65248377,2
1460,1500000,10000,360,5.763089938,3
1461,1500000,10000,361,4.375405008,2
1462,1500000,10000,362,5.636930281,5
1463,1500000,10000,363,4.214112611,45
1464,1500000,10000,364,1.784767092,17
1465,1500000,10000,365,3.180229797,8
1466,1500000,10000,366,6.27101819,5
1467,1500000,10000,367,3.231705772,3
1468,1500000,10000,368,6.301753897,1
1469,1500000,10000,369,5.892889574,17
1470,1500000,10000,370,6.420125579,14
1471,1500000,10000,371,1.552931612,21
1472,1500000,10000,372,4.717236824,4
1473,1500000,10000,373,2.451283131,17
1474,1500000,10000,374,5.422258229,4
1475,1500000,10000,375,7.007499371,0
1476,1500000,10000,376,3.084666825,10
1477,1500000,10000,377,5.834358827,46
1478,1500000,10000,378,6.923656994,10
1479,1500000,10000,379,5.102495005,3
1480,1500000,10000,380,2.053935557,8
1481,1500000,10000,381,6.503400025,2
1482,1500000,10000,382,6.472998524,41
1483,1500000,10000,383,6.866093758,2
1484,1500000,10000,384,2.246281802,21
1485,1500000,10000,385,2.394379139,3
1486,1500000,10000,386,2.19825463,3
1487,1500000,10000,387,5.625426479,21
1488,1500000,10000,388,4.363207321,10
1489,1500000,10000,389,6.708019867,2
1490,1500000,10000,390,3.349460715,45
1491,1500000,10000,391,5.269005459,2
1492,1500000,10000,392,4.228702043,17
1493,1500000,10000,393,4.950742324,17
1494,1500000,10000,394,6.705769039,2
1495,1500000,10000,395,6.24502546,2
1496,1500000,10000,396,2.115436674,17
1497,1500000,10000,397,6.680575487,5
1498,1500000,10000,398,2.961750759,0
1499,1500000,10000,399,7.09249206,12
1500,1500000,10000,400,6.98048205,12
1501,1500000,10000,401,1.657205321,46
1502,1500000,10000,402,4.509801269,29
1503,1500000,10000,403,6.125971399,6
1504,1500000,10000,404,4.789367451,1
1505,1500000,10000,405,5.786739406,17
1506,1500000,10000,406,3.737964057,24
1507,1500000,10000,407,5.314722097,5
1508,1500000,10000,408,6.34531589,2
1509,1500000,10000,409,4.505810378,4
1510,1500000,10000,410,3.490185847,36
1511,1500000,10000,411,5.904983691,2
1512,1500000,10000,412,5.919913496,10
1513,1500000,10000,413,4.805986135,39
1514,1500000,10000,414,0.463095271,9
1515,1500000,10000,415,5.70808918,2
1516,1500000,10000,416,7.000834455,0
1517,1500000,10000,417,2.432666372,10
1518,1500000,10000,418,4.821331248,25
1519,1500000,10000,419,3.771044186,14
1520,1500000,10000,420,6.032742433,46
1521,1500000,10000,421,5.629670516,14
1522,1500000,10000,422,4.927310334,1
1523,1500000,10000,423,3.569652169,27
1524,1500000,10000,424,6.823572669,27
1525,1500000,10000,425,6.706906339,10
1526,1500000,10000,426,6.92026986,2
1527,1500000,10000,427,2.430453894,3
1528,1500000,10000,428,2.741405988,3
1529,1500000,10000,429,2.665266836,3
1530,1500000,10000,430,4.12489631,9
1531,1500000,10000,431,6.847620432,2
1532,1500000,10000,432,0.925244366,9
1533,1500000,10000,433,1.601273251,4
1534,1500000,10000,434,1.333059589,1
1535,1500000,10000,435,6.474495913,24
1536,1500000,10000,436,6.458561742,5
1537,1500000,10000,437,4.461623423,24
1538,1500000,10000,438,5.48085397,40
1539,1500000,10000,439,4.014054098,12
1540,1500000,10000,440,5.704685376,7
1541,1500000,10000,441,5.785950368,39
1542,1500000,10000,442,6.238192202,6
1543,1500000,10000,443,6.750637592,35
1544,1500000,10000,444,5.384018196,17
1545,1500000,10000,445,5.542279221,20
1546,1500000,10000,446,3.585611149,3
1547,1500000,10000,447,6.838437789,21
1548,1500000,10000,448,7.000896815,2
1549,1500000,10000,449,2.306565011,3
1550,1500000,10000,450,4.269073357,36
1551,1500000,10000,451,6.709932183,44
1552,1500000,10000,452,3.667361638,4
1553,1500000,10000,453,6.512853736,3
1554,1500000,10000,454,7.13963425,8
1555,1500000,10000,455,6.420043634,39
1556,1500000,10000,456,1.787287272,2
1557,1500000,10000,457,5.090442763,21
1558,1500000,10000,458,4.323866001,23
1559,1500000,10000,459,7.112238977,11
1560,1500000,10000,460,2.787497795,18
1561,1500000,10000,461,5.343226945,18
1562,1500000,10000,462,6.609608388,14
1563,1500000,10000,463,5.922466533,18
1564,1500000,10000,464,5.852634999,0
1565,1500000,10000,465,6.338510106,24
1566,1500000,10000,466,5.529887399,0
1567,1500000,10000,467,2.876390315,27
1568,1500000,10000,468,3.88044474,26
1569,1500000,10000,469,2.701760572,0
1570,1500000,10000,470,3.462300833,43
1571,1500000,10000,471,6.208203926,8
1572,1500000,10000,472,4.414118342,5
1573,1500000,10000,473,5.454017581,5
1574,1500000,10000,474,6.28384949,1
1575,1500000,10000,475,1.280873282,8
1576,1500000,10000,476,4.445945516,5
1577,1500000,10000,477,6.311931415,40
1578,1500000,10000,478,2.203112039,5
1579,1500000,10000,479,3.978063686,21
1580,1500000,10000,480,5.648633494,1
1581,1500000,10000,481,5.127347301,8
1582,1500000,10000,482,5.535678449,8
1583,1500000,10000,483,6.877004548,45
1584,1500000,10000,484,4.472835405,4
1585,1500000,10000,485,5.564961189,2
1586,1500000,10000,486,3.295983748,3
1587,1500000,10000,487,7.069784496,42
1588,1500000,10000,488,6.542771564,42
1589,1500000,10000,489,1.257487524,16
1590,1500000,10000,490,5.921603997,9
1591,1500000,10000,491,4.709512274,8
1592,1500000,10000,492,5.186674511,2
1593,1500000,10000,493,6.18519663,14
1594,1500000,10000,494,6.57731725,17
1595,1500000,10000,495,3.030291714,8
1596,1500000,10000,496,5.910494508,3
1597,1500000,10000,497,5.914173986,40
1598,1500000,10000,498,5.772240608,17
1599,1500000,10000,499,4.828952219,4
1600,1500000,10000,500,4.783990327,14
1601,1500000,10000,501,5.041963453,24
1602,1500000,10000,502,5.111270641,40
1603,1500000,10000,503,7.095202989,9
1604,1500000,10000,504,7.106584414,5
1605,1500000,10000,505,3.997389039,13
1606,1500000,10000,506,0.945869114,16
1607,1500000,10000,507,6.36453929,14
1608,1500000,10000,508,4.145606976,9
1609,1500000,10000,509,6.810917214,18
1610,1500000,10000,510,1.964433192,3
1611,1500000,10000,511,3.778424451,28
1612,1500000,10000,512,4.906481605,5
1613,1500000,10000,513,5.038674074,12
1614,1500000,10000,514,6.610437783,15
1615,1500000,10000,515,3.86672301,15
1616,1500000,10000,516,5.447409028,2
1617,1500000,10000,517,3.791937671,2
1618,1500000,10000,518,2.317777411,15
1619,1500000,10000,519,5.635835235,15
1620,1500000,10000,520,3.359212975,25
1621,1500000,10000,521,1.952408741,11
1622,1500000,10000,522,6.406265539,27
1623,1500000,10000,523,6.215926798,14
1624,1500000,10000,524,2.856112031,24
1625,1500000,10000,525,5.448907014,18
1626,1500000,10000,526,4.576282471,11
1627,1500000,10000,527,5.949847164,45
1628,1500000,10000,528,3.465801725,35
1629,1500000,10000,529,5.400493075,2
1630,1500000,10000,530,5.68387142,8
1631,1500000,10000,531,7.130602524,14
1632,1500000,10000,532,7.095007667,45
1633,1500000,10000,533,2.901315348,15
1634,1500000,10000,534,4.764291977,38
1635,1500000,10000,535,2.371992719,15
1636,1500000,10000,536,6.600698385,4
1637,1500000,10000,537,4.968967575,15
1638,1500000,10000,538,4.047501914,15
1639,1500000,10000,539,3.226894535,16
1640,1500000,10000,540,5.483393977,16
1641,1500000,10000,541,6.537754753,26
1642,1500000,10000,542,4.511494462,23
1643,1500000,10000,543,5.286955824,18
1644,1500000,10000,544,4.573506647,0
1645,1500000,10000,545,3.05513704,11
1646,1500000,10000,546,5.405705489,33
1647,1500000,10000,547,7.139224215,21
1648,1500000,10000,548,4.64194976,18
1649,1500000,10000,549,5.357515708,26
1650,1500000,10000,550,3.753863297,39
1651,1500000,10000,551,5.21079364,2
1652,1500000,10000,552,2.744621355,20
1653,1500000,10000,553,4.590402754,0
1654,1500000,10000,554,6.732256855,3
1655,1500000,10000,555,6.689285297,37
1656,1500000,10000,556,2.33470407,2
1657,1500000,10000,557,6.281183688,31
1658,1500000,10000,558,4.43467064,35
1659,1500000,10000,559,4.088626568,26
1660,1500000,10000,560,0.859674036,28
1661,1500000,10000,561,2.63718786,23
1662,1500000,10000,562,1.487416682,34
1663,1500000,10000,563,2.976294526,6
1664,1500000,10000,564,1.538495237,34
1665,1500000,10000,565,2.846818946,9
1666,1500000,10000,566,0.833338774,19
1667,1500000,10000,567,6.101452342,41
1668,1500000,10000,568,3.523325567,9
1669,1500000,10000,569,4.03940168,19
1670,1500000,10000,570,4.083312541,9
1671,1500000,10000,571,3.210800307,46
1672,1500000,10000,572,4.616649801,19
1673,1500000,10000,573,6.302575784,9
1674,1500000,10000,574,5.930006181,9
1675,1500000,10000,575,2.864941629,46
1676,1500000,10000,576,3.014578666,44
1677,1500000,10000,577,3.221673732,41
1678,1500000,10000,578,6.53765685,12
1679,1500000,10000,579,5.485722243,14
1680,1500000,10000,580,5.38476705,28
1681,1500000,10000,581,5.503711834,9
1682,1500000,10000,582,3.966073633,9
1683,1500000,10000,583,2.388081427,44
1684,1500000,10000,584,4.341556121,9
1685,1500000,10000,585,4.466480815,29
1686,1500000,10000,586,4.882923074,9
1687,1500000,10000,587,2.912347262,46
1688,1500000,10000,588,6.75699963,25
1689,1500000,10000,589,6.382380784,39
1690,1500000,10000,590,5.846349843,25
1691,1500000,10000,591,6.94309389,9
1692,1500000,10000,592,5.849459069,12
1693,1500000,10000,593,1.697677297,46
1694,1500000,10000,594,4.582432659,25
1695,1500000,10000,595,6.372348518,12
1696,1500000,10000,596,5.431408756,12
1697,1500000,10000,597,4.336816191,25
1698,1500000,10000,598,2.719270564,46
1699,1500000,10000,599,2.760668638,25
1700,1500000,10000,600,3.016889561,25
1701,1500000,10000,601,4.801683094,28
1702,1500000,10000,602,4.846949213,31
1703,1500000,10000,603,5.944406314,33
1704,1500000,10000,604,5.973283957,28
1705,1500000,10000,605,4.945065769,39
1706,1500000,10000,606,2.98131099,46
1707,1500000,10000,607,5.625470338,15
1708,1500000,10000,608,1.885974207,25
1709,1500000,10000,609,5.753641334,15
1710,1500000,10000,610,4.583035966,15
1711,1500000,10000,611,1.290921722,22
1712,1500000,10000,612,6.775374767,44
1713,1500000,10000,613,6.597091851,31
1714,1500000,10000,614,5.55509462,15
1715,1500000,10000,615,6.409989136,15
1716,1500000,10000,616,6.427206199,14
1717,1500000,10000,617,5.270818912,31
1718,1500000,10000,618,6.678365529,14
1719,1500000,10000,619,6.615434723,29
1720,1500000,10000,620,4.442992856,14
1721,1500000,10000,621,3.844945968,14
1722,1500000,10000,622,6.332448985,31
1723,1500000,10000,623,3.071913818,43
1724,1500000,10000,624,6.873113281,20
1725,1500000,10000,625,6.136279915,25
1726,1500000,10000,626,5.077802987,15
1727,1500000,10000,627,5.110616644,15
1728,1500000,10000,628,6.531917503,15
1729,1500000,10000,629,5.813597968,15
1730,1500000,10000,630,4.633592385,15
1731,1500000,10000,631,5.580362109,15
1732,1500000,10000,632,5.231615714,12
1733,1500000,10000,633,6.322325675,39
1734,1500000,10000,634,4.906192092,34
1735,1500000,10000,635,2.372765872,9
1736,1500000,10000,636,0.818740555,19
1737,1500000,10000,637,4.937743243,12
1738,1500000,10000,638,2.427316545,9
1739,1500000,10000,639,5.388140282,12
1740,1500000,10000,640,3.618382363,34
1741,1500000,10000,641,5.037140981,12
1742,1500000,10000,642,3.345696973,9
1743,1500000,10000,643,2.249374228,19
1744,1500000,10000,644,5.354279122,41
1745,1500000,10000,645,5.066399344,18
1746,1500000,10000,646,5.302636541,9
1747,1500000,10000,647,5.010319251,7
1748,1500000,10000,648,2.893202542,21
1749,1500000,10000,649,6.827551575,8
1750,1500000,10000,650,6.361623445,35
1751,1500000,10000,651,4.473624037,20
1752,1500000,10000,652,7.087566796,42
1753,1500000,10000,653,4.733065448,45
1754,1500000,10000,654,3.566024668,5
1755,1500000,10000,655,4.291119335,2
1756,1500000,10000,656,4.522995049,2
1757,1500000,10000,657,4.070915022,2
1758,1500000,10000,658,5.133201064,2
1759,1500000,10000,659,7.026955428,39
1760,1500000,10000,660,0.159815236,6
1761,1500000,10000,661,4.476503664,34
1762,1500000,10000,662,4.45980333,42
1763,1500000,10000,663,2.757099297,6
1764,1500000,10000,664,6.820085146,12
1765,1500000,10000,665,6.852114836,12
1766,1500000,10000,666,6.739812094,12
1767,1500000,10000,667,5.551698735,6
1768,1500000,10000,668,6.20260998,6
1769,1500000,10000,669,1.974979047,34
1770,1500000,10000,670,4.009821502,19
1771,1500000,10000,671,3.703802189,19
1772,1500000,10000,672,6.01642392,13
1773,1500000,10000,673,3.454003498,12
1774,1500000,10000,674,3.732999255,19
1775,1500000,10000,675,4.408123706,9
1776,1500000,10000,676,5.550556144,15
1777,1500000,10000,677,6.77259191,9
1778,1500000,10000,678,5.977232489,12
1779,1500000,10000,679,6.473397874,9
1780,1500000,10000,680,5.515384028,15
1781,1500000,10000,681,3.936850186,1
1782,1500000,10000,682,5.700712887,44
1783,1500000,10000,683,3.861886479,1
1784,1500000,10000,684,5.172517084,9
1785,1500000,10000,685,7.123393615,25
1786,1500000,10000,686,5.137657004,15
1787,1500000,10000,687,6.513748774,15
1788,1500000,10000,688,6.96452894,12
1789,1500000,10000,689,3.518640945,15
1790,1500000,10000,690,6.637503492,46
1791,1500000,10000,691,6.358328486,25
1792,1500000,10000,692,6.66224751,27
1793,1500000,10000,693,7.06581675,33
1794,1500000,10000,694,3.23932525,14
1795,1500000,10000,695,6.758874421,39
1796,1500000,10000,696,5.294030177,10
1797,1500000,10000,697,4.720387092,17
1798,1500000,10000,698,4.057948866,17
1799,1500000,10000,699,7.005885275,0
1800,1500000,10000,700,6.857294996,35
1801,1500000,10000,701,2.468417657,31
1802,1500000,10000,702,3.279752001,23
1803,1500000,10000,703,6.35013071,37
1804,1500000,10000,704,2.867620961,15
1805,1500000,10000,705,6.050268203,5
1806,1500000,10000,706,4.470506324,2
1807,1500000,10000,707,3.700787745,44
1808,1500000,10000,708,1.919084873,25
1809,1500000,10000,709,6.244574458,41
1810,1500000,10000,710,4.00558686,2
1811,1500000,10000,711,6.070440912,22
1812,1500000,10000,712,5.45987617,4
1813,1500000,10000,713,3.799351212,10
1814,1500000,10000,714,1.846431434,1
1815,1500000,10000,715,3.808272545,2
1816,1500000,10000,716,6.676883619,29
1817,1500000,10000,717,2.326327292,1
1818,1500000,10000,718,6.906556435,5
1819,1500000,10000,719,5.756279727,40
1820,1500000,10000,720,5.387370538,21
1821,1500000,10000,721,4.979389847,2
1822,1500000,10000,722,6.521717661,0
1823,1500000,10000,723,3.757569397,26
1824,1500000,10000,724,2.365055234,27
1825,1500000,10000,725,2.321501399,24
1826,1500000,10000,726,5.105677924,0
1827,1500000,10000,727,2.876386383,24
1828,1500000,10000,728,2.485133258,24
1829,1500000,10000,729,6.945223205,21
1830,1500000,10000,730,3.1556603,34
1831,1500000,10000,731,4.670789165,26
1832,1500000,10000,732,5.152850426,1
1833,1500000,10000,733,6.354867177,0
1834,1500000,10000,734,6.300475679,0
1835,1500000,10000,735,5.275090597,21
1836,1500000,10000,736,5.681371782,2
1837,1500000,10000,737,5.55642139,34
1838,1500000,10000,738,1.627903147,39
1839,1500000,10000,739,6.690577377,45
1840,1500000,10000,740,6.419382651,42
1841,1500000,10000,741,6.719800117,42
1842,1500000,10000,742,2.859462595,2
1843,1500000,10000,743,2.567079481,13
1844,1500000,10000,744,1.602372593,19
1845,1500000,10000,745,1.676473565,16
1846,1500000,10000,746,0.315409226,16
1847,1500000,10000,747,6.803115447,37
1848,1500000,10000,748,6.810986223,37
1849,1500000,10000,749,0.554422024,16
1850,1500000,10000,750,3.580978778,11
1851,1500000,10000,751,2.713360574,11
1852,1500000,10000,752,4.406351821,11
1853,1500000,10000,753,5.926744409,11
1854,1500000,10000,754,6.217274868,11
1855,1500000,10000,755,4.51199208,18
1856,1500000,10000,756,3.947077153,1
1857,1500000,10000,757,5.426614295,17
1858,1500000,10000,758,6.292493205,21
1859,1500000,10000,759,4.781793871,1
1860,1500000,10000,760,5.086822058,44
1861,1500000,10000,761,5.00218825,44
1862,1500000,10000,762,6.995893415,2
1863,1500000,10000,763,6.366940369,17
1864,1500000,10000,764,6.352246269,1
1865,1500000,10000,765,2.753921684,46
1866,1500000,10000,766,5.780145966,1
1867,1500000,10000,767,1.569323234,29
1868,1500000,10000,768,2.909905105,28
1869,1500000,10000,769,6.402492984,39
1870,1500000,10000,770,5.865139147,35
1871,1500000,10000,771,7.074354446,14
1872,1500000,10000,772,6.343231531,46
1873,1500000,10000,773,6.012308473,46
1874,1500000,10000,774,6.572446562,21
1875,1500000,10000,775,3.498745618,5
1876,1500000,10000,776,5.446059425,21
1877,1500000,10000,777,1.276362667,16
1878,1500000,10000,778,5.462152592,0
1879,1500000,10000,779,4.18372796,18
1880,1500000,10000,780,5.878588219,14
1881,1500000,10000,781,2.217292366,14
1882,1500000,10000,782,2.330284094,14
1883,1500000,10000,783,5.012811892,14
1884,1500000,10000,784,4.258731583,23
1885,1500000,10000,785,2.489172772,14
1886,1500000,10000,786,5.163335447,0
1887,1500000,10000,787,5.379867387,0
1888,1500000,10000,788,5.015109159,35
1889,1500000,10000,789,5.206065676,0
1890,1500000,10000,790,6.283713894,14
1891,1500000,10000,791,0.500668398,37
1892,1500000,10000,792,4.651753659,33
1893,1500000,10000,793,6.563515681,14
1894,1500000,10000,794,6.977308496,14
1895,1500000,10000,795,5.930606817,29
1896,1500000,10000,796,5.786174154,33
1897,1500000,10000,797,3.738891769,29
1898,1500000,10000,798,3.03297464,14
1899,1500000,10000,799,4.988339885,35
1900,1500000,10000,800,3.837967636,14
1901,1500000,10000,801,6.590125285,0
1902,1500000,10000,802,4.204765483,18
1903,1500000,10000,803,6.378015151,11
1904,1500000,10000,804,2.05291418,18
1905,1500000,10000,805,2.908161094,18
1906,1500000,10000,806,2.598044821,37
1907,1500000,10000,807,4.227639503,14
1908,1500000,10000,808,2.564342117,14
1909,1500000,10000,809,0.528977787,14
1910,1500000,10000,810,5.802545354,14
1911,1500000,10000,811,5.924737516,37
1912,1500000,10000,812,3.13063423,16
1913,1500000,10000,813,1.78822227,16
1914,1500000,10000,814,1.900243393,16
1915,1500000,10000,815,2.06671494,16
1916,1500000,10000,816,5.083278489,37
1917,1500000,10000,817,6.402489789,33
1918,1500000,10000,818,5.504628666,16
1919,1500000,10000,819,5.150135011,16
1920,1500000,10000,820,5.62914972,46
1921,1500000,10000,821,5.617229649,1
1922,1500000,10000,822,7.033537338,35
1923,1500000,10000,823,6.5971313,41
1924,1500000,10000,824,2.284228806,29
1925,1500000,10000,825,4.919229181,46
1926,1500000,10000,826,6.628202652,25
1927,1500000,10000,827,4.375933074,46
1928,1500000,10000,828,4.669644225,2
1929,1500000,10000,829,4.391573755,12
1930,1500000,10000,830,5.538314037,15
1931,1500000,10000,831,5.905249628,41
1932,1500000,10000,832,3.925466535,17
1933,1500000,10000,833,2.974531973,1
1934,1500000,10000,834,4.489283405,9
1935,1500000,10000,835,3.451927605,1
1936,1500000,10000,836,5.063760582,14
1937,1500000,10000,837,5.136591865,15
1938,1500000,10000,838,2.504831911,41
1939,1500000,10000,839,2.225073328,28
1940,1500000,10000,840,4.262761638,39
1941,1500000,10000,841,5.69827919,14
1942,1500000,10000,842,6.547606799,14
1943,1500000,10000,843,2.47304776,28
1944,1500000,10000,844,3.636837894,2
1945,1500000,10000,845,6.623170332,39
1946,1500000,10000,846,5.561194546,2
1947,1500000,10000,847,3.848400549,6
1948,1500000,10000,848,6.515122478,10
1949,1500000,10000,849,3.481471162,45
1950,1500000,10000,850,2.687422215,8
1951,1500000,10000,851,6.457948992,42
1952,1500000,10000,852,6.24140965,2
1953,1500000,10000,853,1.509510463,4
1954,1500000,10000,854,6.392437955,3
1955,1500000,10000,855,3.772246435,13
1956,1500000,10000,856,5.181171295,12
1957,1500000,10000,857,6.761090008,13
1958,1500000,10000,858,2.717049069,15
1959,1500000,10000,859,4.483517096,12
1960,1500000,10000,860,3.171223328,25
1961,1500000,10000,861,4.628855593,1
1962,1500000,10000,862,5.287838743,40
1963,1500000,10000,863,2.832560635,10
1964,1500000,10000,864,6.817437237,5
1965,1500000,10000,865,2.466226724,2
1966,1500000,10000,866,2.511219629,17
1967,1500000,10000,867,4.468356869,12
1968,1500000,10000,868,6.665318538,14
1969,1500000,10000,869,3.083210996,25
1970,1500000,10000,870,6.575884228,15
1971,1500000,10000,871,4.270784591,9
1972,1500000,10000,872,5.16578574,37
1973,1500000,10000,873,6.564332942,25
1974,1500000,10000,874,4.811475315,15
1975,1500000,10000,875,4.29353272,25
1976,1500000,10000,876,6.045979899,9
1977,1500000,10000,877,6.728766382,39
1978,1500000,10000,878,6.186533219,27
1979,1500000,10000,879,6.21496741,5
1980,1500000,10000,880,6.540531669,5
1981,1500000,10000,881,5.792133038,39
1982,1500000,10000,882,2.118774597,1
1983,1500000,10000,883,5.364626596,21
1984,1500000,10000,884,1.581760846,10
1985,1500000,10000,885,5.481501305,21
1986,1500000,10000,886,5.068267051,17
1987,1500000,10000,887,6.801977068,35
1988,1500000,10000,888,2.449679156,29
1989,1500000,10000,889,4.93695669,1
1990,1500000,10000,890,6.91712926,17
1991,1500000,10000,891,6.811572703,27
1992,1500000,10000,892,6.818255624,40
1993,1500000,10000,893,5.354452648,27
1994,1500000,10000,894,1.463539366,39
1995,1500000,10000,895,5.29381922,35
1996,1500000,10000,896,5.092478529,44
1997,1500000,10000,897,5.3906696,46
1998,1500000,10000,898,5.676685903,39
1999,1500000,10000,899,4.980812293,1
2000,1500000,10000,900,3.708798338,45
2001,1500000,10000,901,2.567793188,21
2002,1500000,10000,902,5.600767814,40
2003,1500000,10000,903,4.66854713,40
2004,1500000,10000,904,4.851859673,40
2005,1500000,10000,905,5.317099437,40
2006,1500000,10000,906,5.911940283,0
2007,1500000,10000,907,6.986710794,2
2008,1500000,10000,908,6.098456754,1
2009,1500000,10000,909,6.304741057,8
2010,1500000,10000,910,2.157136566,4
2011,1500000,10000,911,2.267433706,4
2012,1500000,10000,912,5.274844933,21
2013,1500000,10000,913,4.192841568,35
2014,1500000,10000,914,7.151665915,30
2015,1500000,10000,915,5.950173475,27
2016,1500000,10000,916,6.437208494,27
2017,1500000,10000,917,5.730630904,35
2018,1500000,10000,918,7.115078843,17
2019,1500000,10000,919,7.01855749,21
2020,1500000,10000,920,6.521931144,40
2021,1500000,10000,921,5.917605192,1
2022,1500000,10000,922,5.820989657,39
2023,1500000,10000,923,3.002204374,44
2024,1500000,10000,924,5.804614834,39
2025,1500000,10000,925,6.451065112,1
2026,1500000,10000,926,7.138528729,25
2027,1500000,10000,927,6.961166416,1
2028,1500000,10000,928,5.833639683,35
2029,1500000,10000,929,6.799343703,46
2030,1500000,10000,930,4.697008635,15
2031,1500000,10000,931,6.01601566,1
2032,1500000,10000,932,5.231637474,27
2033,1500000,10000,933,5.856106677,1
2034,1500000,10000,934,4.842760472,35
2035,1500000,10000,935,6.041628136,46
2036,1500000,10000,936,6.625959631,27
2037,1500000,10000,937,6.433096547,1
2038,1500000,10000,938,5.325068699,35
2039,1500000,10000,939,6.23630171,46
2040,1500000,10000,940,5.767911766,14
2041,1500000,10000,941,4.862862118,46
2042,1500000,10000,942,6.322235362,14
2043,1500000,10000,943,6.394795443,25
2044,1500000,10000,944,0.974132186,29
2045,1500000,10000,945,6.773720992,39
2046,1500000,10000,946,1.399339592,27
2047,1500000,10000,947,6.236541932,24
2048,1500000,10000,948,6.946765449,10
2049,1500000,10000,949,6.988755002,39
2050,1500000,10000,950,6.938109451,14
2051,1500000,10000,951,6.457197878,1
2052,1500000,10000,952,6.290805196,14
2053,1500000,10000,953,4.326619603,44
2054,1500000,10000,954,4.940069481,14
2055,1500000,10000,955,7.133797356,27
2056,1500000,10000,956,6.211298883,35
2057,1500000,10000,957,7.119562955,25
2058,1500000,10000,958,6.061995274,14
2059,1500000,10000,959,6.116685518,14
2060,1500000,10000,960,6.678041623,35
2061,1500000,10000,961,6.194031024,35
2062,1500000,10000,962,6.663803034,39
2063,1500000,10000,963,5.368635857,46
2064,1500000,10000,964,6.968306117,14
2065,1500000,10000,965,1.307755572,29
2066,1500000,10000,966,6.984992098,9
2067,1500000,10000,967,4.973416328,46
2068,1500000,10000,968,4.557805359,46
2069,1500000,10000,969,3.469526895,28
2070,1500000,10000,970,4.354548782,46
2071,1500000,10000,971,6.906556119,41
2072,1500000,10000,972,5.265502376,25
2073,1500000,10000,973,5.512524807,25
2074,1500000,10000,974,6.331555272,25
2075,1500000,10000,975,6.185223508,25
2076,1500000,10000,976,3.830332146,46
2077,1500000,10000,977,6.505428396,25
2078,1500000,10000,978,6.559137725,5
2079,1500000,10000,979,4.549394546,46
2080,1500000,10000,980,7.124995941,1
2081,1500000,10000,981,6.919049517,1
2082,1500000,10000,982,6.368099546,2
2083,1500000,10000,983,6.774420343,7
2084,1500000,10000,984,7.096585565,19
2085,1500000,10000,985,6.353634329,43
2086,1500000,10000,986,2.799365993,18
2087,1500000,10000,987,3.338786344,7
2088,1500000,10000,988,5.577399793,39
2089,1500000,10000,989,6.116719583,23
2090,1500000,10000,990,1.995720957,8
2091,1500000,10000,991,3.897634723,32
2092,1500000,10000,992,4.518537228,19
2093,1500000,10000,993,3.190073042,0
2094,1500000,10000,994,6.092600097,33
2095,1500000,10000,995,4.14624838,34
2096,1500000,10000,996,2.094702163,30
2097,1500000,10000,997,4.18134664,23
2098,1500000,10000,998,2.153199453,23
2099,1500000,10000,999,6.463406401,30
2100,1500000,10000,1000,3.547477171,23
2101,1500000,10000,1001,3.830105205,23
2102,1500000,10000,1002,4.719155331,26
2103,1500000,10000,1003,5.894550782,18
2104,1500000,10000,1004,4.730647321,26
2105,1500000,10000,1005,2.925616787,23
2106,1500000,10000,1006,4.236417969,26
2107,1500000,10000,1007,5.252647765,26
2108,1500000,10000,1008,3.710065112,26
2109,1500000,10000,1009,3.949062396,46
2110,1500000,10000,1010,5.071060102,25
2111,1500000,10000,1011,6.083050357,41
2112,1500000,10000,1012,2.944047577,28
2113,1500000,10000,1013,6.454141632,41
2114,1500000,10000,1014,4.264423136,25
2115,1500000,10000,1015,5.562013507,46
2116,1500000,10000,1016,5.673069614,41
2117,1500000,10000,1017,6.917925796,10
2118,1500000,10000,1018,5.834558438,9
2119,1500000,10000,1019,5.597359649,46
2120,1500000,10000,1020,5.695110008,46
2121,1500000,10000,1021,6.947404548,1
2122,1500000,10000,1022,5.396650651,1
2123,1500000,10000,1023,6.311356843,2
2124,1500000,10000,1024,3.571183659,38
2125,1500000,10000,1025,7.018458527,25
2126,1500000,10000,1026,4.092975129,3
2127,1500000,10000,1027,3.83477545,3
2128,1500000,10000,1028,6.205899957,3
2129,1500000,10000,1029,6.478477864,27
2130,1500000,10000,1030,6.15246393,44
2131,1500000,10000,1031,6.216418935,37
2132,1500000,10000,1032,3.015775101,23
2133,1500000,10000,1033,7.015291355,14
2134,1500000,10000,1034,3.260737568,14
2135,1500000,10000,1035,3.960045178,14
2136,1500000,10000,1036,6.414383378,5
2137,1500000,10000,1037,3.640006712,5
2138,1500000,10000,1038,6.507038872,1
2139,1500000,10000,1039,6.336108088,41
2140,1500000,10000,1040,6.941691301,40
2141,1500000,10000,1041,4.561603057,2
2142,1500000,10000,1042,6.173905875,42
2143,1500000,10000,1043,3.844021504,1
2144,1500000,10000,1044,6.100752262,4
2145,1500000,10000,1045,7.0324752,23
2146,1500000,10000,1046,6.764598356,18
2147,1500000,10000,1047,5.545273429,43
2148,1500000,10000,1048,5.792328086,7
2149,1500000,10000,1049,3.110204087,39
2150,1500000,10000,1050,3.252006777,31
2151,1500000,10000,1051,4.51250079,1
2152,1500000,10000,1052,5.879543301,27
2153,1500000,10000,1053,5.653457629,39
2154,1500000,10000,1054,6.201400681,25
2155,1500000,10000,1055,4.228816979,9
2156,1500000,10000,1056,4.102087432,11
2157,1500000,10000,1057,3.803243621,14
2158,1500000,10000,1058,2.403365503,18
2159,1500000,10000,1059,4.13154307,26
2160,1500000,10000,1060,7.127759573,41
2161,1500000,10000,1061,4.276363826,9
2162,1500000,10000,1062,3.145598922,26
2163,1500000,10000,1063,5.50728093,35
2164,1500000,10000,1064,2.17057208,10
2165,1500000,10000,1065,5.050393749,34
2166,1500000,10000,1066,5.7504284,12
2167,1500000,10000,1067,6.878402429,39
2168,1500000,10000,1068,3.622622282,12
2169,1500000,10000,1069,6.308080729,21
2170,1500000,10000,1070,1.604977999,2
2171,1500000,10000,1071,1.081871089,2
2172,1500000,10000,1072,3.251436904,17
2173,1500000,10000,1073,4.902595146,4
2174,1500000,10000,1074,5.53925533,34
2175,1500000,10000,1075,6.210065783,34
2176,1500000,10000,1076,5.973763887,34
2177,1500000,10000,1077,0.760577427,29
2178,1500000,10000,1078,1.436154732,23
2179,1500000,10000,1079,4.106831508,24
2180,1500000,10000,1080,1.82530706,43
2181,1500000,10000,1081,4.353992699,39
2182,1500000,10000,1082,6.515227565,3
2183,1500000,10000,1083,5.322672356,17
2184,1500000,10000,1084,5.638094491,7
2185,1500000,10000,1085,6.021863023,35
2186,1500000,10000,1086,2.51300367,23
2187,1500000,10000,1087,3.474035684,24
2188,1500000,10000,1088,6.334387323,32
2189,1500000,10000,1089,4.676573126,22
2190,1500000,10000,1090,4.370676223,7
2191,1500000,10000,1091,3.819897543,22
2192,1500000,10000,1092,2.07861278,22
2193,1500000,10000,1093,3.179512485,7
2194,1500000,10000,1094,3.852598656,11
2195,1500000,10000,1095,2.703325481,10
2196,1500000,10000,1096,0.712322712,1
2197,1500000,10000,1097,6.936071934,20
2198,1500000,10000,1098,6.518062524,43
2199,1500000,10000,1099,1.569766749,5
